Name,Embryo,clusterUmap,Pseudotime,Dataset,EmbryoDay,Stage,clusterEmbryoCells,CDX2,LGALS1,CD3D,AES,EGR1,EGF,HTR2A,CD44,NTN1,SPEN,HEY1,GATA4,CYP3A4,SERPINB5,SHH,POU5F1P4,USF2,CFD,IGF2,TNFSF11,FOXA1,ZEB1,IL23R,NR2F2,ERCC4,SOD2,CLEC4E,PRDM14,FGFR4,CD3E,MVK,PPARG,TLR4,OTX2,POU5F1B,CFTR,DNMT1,UTF1,NR1I2,NLRC5,JAK1,GATA2,IL32,BCL2L1,MAF,IL1B,IL6R,PSEN2,HEY2,E2F6,HGF,IL1RN,TGFBR3,TNFSF10,FOXP3,ELF3,TYMP,TGFB1,IGF1R,GLI1,SIRT1,CA9,TAC1,F2,BACH1,AP1S1,SMARCA4,CEBPA,HMGB1,GLI2,WNT3A,HDAC7,PML,CSF2RA,TERT,FCER2,AHR,BMP2,IL6,TYK2,SNAI1,BSG,GDNF,SRPRA,FGF2,CGB7,AR,CHGA,EIF2A,ESR2,RB1CC1,TCF4,CCND1,FGF16,TNIK,SOX17,AKT1,TFCP2L1,ELK1,JDP2,IL1A,SNCA,KDM1A,EP300,AKR1B1,TGFBR2,MIR491,NPM1,TP53,CD247,MTSS1,NANOG,BRAF,PVT1,IKBKB,ARNT,IL4,YAP1,VDR,KRAS
E5.1.28,E5.1,early_TE,37.29483831,Petropoulos2016,5.0,B,K07,1,1,0,0,1,0,0,0,0,1,0,0,0,1,0,1,1,0,0,0,0,0,0,0,1,1,0,0,1,0,1,1,0,1,1,1,1,0,0,0,1,1,1,1,0,0,0,0,0,1,0,0,1,0,0,1,0,0,1,0,0,0,0,0,1,1,1,1,1,0,1,0,0,1,0,0,0,0,1,0,1,1,0,1,0,0,0,0,1,0,1,0,0,0,1,0,1,1,1,1,0,0,1,1,1,0,0,1,1,0,0,0,1,1,0,1,0,0,0,1
E5.1.30,E5.1,early_TE,39.5373874,Petropoulos2016,5.0,B,K07,1,0,0,0,0,0,0,0,0,1,0,0,0,1,0,1,1,0,0,0,0,0,0,0,1,1,0,0,1,0,1,1,0,1,1,0,1,0,0,0,1,1,1,1,0,0,0,0,0,1,0,0,1,0,0,1,1,0,1,0,1,0,0,0,1,1,1,1,1,0,1,0,1,1,0,0,0,0,1,1,0,1,0,1,0,0,0,0,1,0,1,1,0,0,1,0,1,1,1,1,0,0,1,1,1,0,0,1,1,0,1,0,1,0,0,1,0,1,0,1
E5.1.32,E5.1,early_TE,39.48399343,Petropoulos2016,5.0,B,K07,1,1,0,1,0,0,0,0,0,1,0,0,0,1,0,1,1,0,0,0,0,0,0,1,0,1,0,0,1,0,1,0,0,1,1,0,1,0,0,0,1,1,1,1,0,0,0,0,0,0,0,0,1,0,0,1,0,1,0,0,1,0,0,0,1,0,1,0,1,0,0,0,0,0,0,0,0,0,1,0,0,1,0,1,0,0,0,0,1,0,1,0,0,0,0,0,0,1,1,1,0,0,1,1,0,0,0,1,1,0,0,0,0,0,1,1,0,1,0,1
E5.10.933,E5.10,early_TE,31.49903562,Petropoulos2016,5.0,B,K06,1,0,0,0,1,0,0,0,0,1,0,0,0,0,0,1,1,0,0,0,0,0,0,0,1,1,0,1,1,0,1,1,0,0,1,0,1,0,0,0,1,1,0,1,0,0,0,0,1,0,0,0,1,0,0,1,0,0,1,0,1,0,0,0,0,1,1,1,1,0,0,0,1,1,1,0,0,0,1,1,1,1,0,1,0,0,0,0,1,1,1,1,1,0,0,0,1,1,1,1,1,0,1,1,1,0,0,1,1,0,0,0,1,1,1,1,0,1,0,1
E5.10.934,E5.10,early_TE,39.54913038,Petropoulos2016,5.0,B,K06,1,0,0,0,0,0,0,0,0,1,0,0,0,0,0,1,1,0,0,0,0,0,0,0,0,0,0,0,1,0,1,0,0,0,1,0,1,0,0,0,0,1,0,1,0,0,0,0,0,0,0,0,1,0,0,1,0,0,0,0,1,0,0,0,1,0,1,1,1,0,0,0,0,0,0,0,0,0,0,0,0,1,0,1,0,0,0,0,1,0,1,1,0,0,1,0,0,1,0,1,0,0,1,1,1,0,0,1,1,0,0,0,0,0,1,1,0,1,0,1
E5.10.935,E5.10,early_TE,39.0693454,Petropoulos2016,5.0,B,K06,1,0,0,0,0,0,0,0,0,1,0,0,0,0,0,1,1,0,0,0,0,0,0,0,0,1,0,1,1,0,0,0,0,0,1,0,1,0,0,0,1,1,0,1,0,0,0,0,0,1,0,0,1,0,0,1,0,0,1,0,1,0,0,0,1,1,1,1,1,0,1,0,0,1,0,0,0,0,0,0,1,1,0,1,0,0,0,0,1,0,1,0,0,0,0,0,1,1,1,1,0,0,1,1,0,0,0,1,1,0,0,0,1,1,1,1,0,1,0,1
E5.10.936,E5.10,early_TE,32.7124198,Petropoulos2016,5.0,B,K06,1,1,0,1,0,0,0,0,0,1,0,0,0,0,0,1,1,0,0,0,0,0,0,0,1,1,0,0,1,0,1,1,0,0,1,0,1,0,0,0,1,1,0,1,0,0,1,0,1,1,0,0,1,0,0,1,0,0,1,0,1,0,0,0,1,1,1,1,1,0,1,1,1,1,0,0,0,0,1,1,1,1,0,1,0,0,0,0,1,0,1,0,0,0,1,0,1,1,1,1,1,0,1,1,1,0,0,1,1,0,1,0,1,1,1,1,0,1,0,1
E5.10.943,E5.10,early_TE,39.06141731,Petropoulos2016,5.0,B,K06,1,1,0,1,1,0,0,1,0,1,0,0,0,1,0,1,1,0,0,0,0,0,0,1,1,1,0,0,1,0,1,0,0,0,1,0,1,0,0,0,1,1,0,1,0,0,1,0,0,0,0,0,1,0,0,1,0,0,1,0,1,1,0,0,1,1,1,1,1,0,1,1,0,1,0,0,0,1,1,1,1,1,0,1,0,0,0,0,1,0,1,1,1,0,1,0,1,1,1,1,0,0,1,1,1,0,0,1,1,0,1,1,1,1,1,1,0,1,0,1
E5.10.944,E5.10,early_TE,36.40358263,Petropoulos2016,5.0,B,K06,1,0,0,1,0,0,0,0,0,1,0,0,0,0,0,1,1,0,0,0,0,0,0,1,0,1,0,1,1,0,1,0,0,1,1,0,1,0,0,0,0,1,0,1,0,0,0,0,0,1,0,0,1,0,0,1,0,0,1,0,1,0,0,0,0,1,1,1,1,0,1,0,0,1,1,0,0,0,1,1,1,1,0,1,0,0,0,0,1,0,1,0,1,0,0,1,1,1,1,1,0,0,1,1,1,0,0,1,1,0,0,0,1,1,0,0,0,1,0,1
E5.10.945,E5.10,early_TE,37.33262362,Petropoulos2016,5.0,B,K06,1,0,0,0,0,0,0,0,0,1,0,0,0,0,1,1,1,0,0,0,0,0,0,1,1,1,0,0,0,0,1,0,0,0,1,0,0,0,0,0,0,1,0,1,0,0,0,0,0,0,0,0,1,0,0,1,0,1,1,0,0,0,0,0,0,1,1,1,1,0,1,0,0,0,0,0,0,0,0,0,0,1,0,1,0,0,0,0,1,0,1,0,0,0,0,0,1,1,0,1,0,0,1,1,0,0,0,1,0,0,0,0,0,1,0,0,0,1,0,1
E5.10.949,E5.10,early_TE,38.21958463,Petropoulos2016,5.0,B,K06,1,0,0,0,0,0,0,0,0,1,0,0,0,0,0,1,1,0,0,0,0,0,0,0,0,0,0,0,1,0,0,0,0,0,1,0,1,0,0,0,0,1,0,1,1,0,0,0,0,0,0,0,1,0,0,1,0,0,0,0,1,0,0,0,0,0,1,1,1,0,0,0,0,0,0,0,0,0,0,1,1,1,0,1,0,0,0,0,1,0,1,0,0,0,0,0,0,1,0,1,0,0,1,1,0,0,0,1,1,0,0,1,0,1,1,0,0,0,0,1
E5.12.1027,E5.12,early_TE,42.92593266,Petropoulos2016,5.0,B,K07,1,1,0,1,1,0,0,0,0,1,0,0,0,0,0,1,1,0,0,0,0,0,0,0,0,1,0,0,1,0,1,1,0,0,1,0,1,0,0,0,1,1,0,1,0,0,0,0,0,0,0,0,1,0,0,1,0,0,0,0,0,0,0,0,0,1,1,1,1,0,0,0,0,1,1,0,0,1,1,1,1,1,0,1,0,0,0,0,1,0,1,1,0,0,1,0,1,1,1,1,0,0,1,1,0,0,0,1,1,0,0,0,0,1,1,1,0,1,0,1
E5.12.1028,E5.12,early_TE,41.65545016,Petropoulos2016,5.0,B,K07,1,0,0,0,1,0,0,0,0,0,0,0,0,0,0,0,1,0,0,0,0,0,0,1,0,1,0,0,0,0,1,0,0,0,1,0,1,0,0,0,1,1,0,1,0,0,0,0,0,0,0,0,1,0,0,1,0,0,1,0,1,0,0,0,1,1,1,0,1,0,0,0,0,0,0,0,0,0,0,1,0,1,0,0,0,0,0,0,1,0,1,1,0,0,0,0,0,1,0,1,0,0,1,1,0,0,0,1,0,0,0,0,0,1,0,1,0,1,0,1
E5.12.1029,E5.12,early_TE,42.51255814,Petropoulos2016,5.0,B,K07,1,0,0,0,1,0,0,0,1,1,0,0,0,0,0,1,1,0,0,0,0,0,0,0,0,1,0,0,1,0,0,0,0,0,1,1,1,0,0,0,0,1,0,0,0,0,0,0,0,1,0,0,1,0,0,1,0,0,0,0,0,0,0,0,0,0,1,0,1,0,0,1,0,1,1,0,0,0,0,1,0,1,0,1,0,0,0,0,0,0,1,1,0,0,0,0,0,1,1,1,0,0,1,1,0,0,0,1,1,0,0,0,0,0,1,0,0,1,0,1
E5.12.1031,E5.12,early_TE,39.15956348,Petropoulos2016,5.0,B,K07,1,1,0,0,1,0,0,0,0,1,0,0,0,0,0,1,1,1,0,0,0,0,0,0,1,1,0,0,1,0,1,1,0,0,1,0,1,0,0,0,1,1,0,1,0,0,0,0,1,1,0,0,1,0,0,1,0,0,1,0,1,0,0,0,0,1,1,1,1,0,0,0,0,1,0,0,0,0,0,1,0,1,0,1,0,0,0,0,1,0,1,1,0,0,1,0,1,1,1,1,0,0,1,1,1,0,0,1,1,0,0,1,1,1,1,1,0,1,0,1
E5.12.1034,E5.12,early_TE,41.24666951,Petropoulos2016,5.0,B,K07,1,1,0,0,1,0,0,0,0,1,0,0,0,0,0,1,1,0,0,0,0,0,0,0,0,1,0,0,1,0,1,1,0,0,1,0,1,0,0,0,1,1,1,1,0,0,0,1,1,1,0,0,1,0,0,1,0,0,1,0,1,0,0,0,1,1,1,1,1,0,0,1,1,1,0,1,0,1,0,1,1,1,0,1,0,0,0,0,1,0,1,0,0,0,0,0,1,1,1,1,0,0,1,1,1,0,0,1,1,0,1,0,1,1,1,1,0,1,0,1
E5.12.1037,E5.12,early_TE,36.88231605,Petropoulos2016,5.0,B,K07,1,1,0,0,1,0,0,0,0,1,0,1,0,0,0,1,1,0,0,0,0,0,0,0,1,1,0,1,1,0,1,1,0,0,1,0,1,1,0,0,1,1,0,1,1,0,1,0,0,1,0,0,1,0,0,1,0,0,1,0,0,0,0,0,0,1,1,1,1,0,0,0,1,1,0,0,0,1,0,1,0,1,0,1,0,0,0,0,1,0,1,0,0,0,0,0,0,1,1,1,0,0,1,1,0,0,0,1,1,0,1,1,1,1,1,1,0,1,0,1
E5.12.1039,E5.12,early_TE,41.25322338,Petropoulos2016,5.0,B,K07,1,1,0,0,1,0,0,0,0,1,0,0,0,0,0,1,1,0,0,0,0,0,0,1,0,1,0,0,1,0,1,0,0,0,1,0,1,0,0,0,0,1,1,1,1,0,0,0,0,1,0,0,1,0,0,1,0,0,1,0,1,0,0,0,1,1,1,1,1,0,0,0,0,0,0,0,0,1,0,1,1,1,0,1,0,0,0,0,1,0,1,0,0,0,0,0,1,1,1,1,0,0,1,1,0,0,0,1,1,0,0,0,0,1,1,1,0,1,0,1
E5.13.1760,E5.13,early_TE,31.4523396,Petropoulos2016,5.0,B,K06,1,1,0,1,0,0,0,0,0,1,0,1,0,0,0,1,1,0,0,0,0,0,0,1,0,1,0,1,1,0,1,1,0,0,1,0,1,1,0,0,1,1,0,1,0,0,0,0,0,0,0,0,1,0,1,1,0,0,0,0,1,1,0,0,1,1,1,1,1,0,0,0,1,1,1,0,0,1,0,1,1,1,0,1,0,0,0,0,1,0,1,0,0,0,1,0,1,1,1,1,0,0,1,1,1,1,0,1,1,0,1,1,1,1,0,1,0,1,0,1
E5.13.1761,E5.13,early_TE,33.14062316,Petropoulos2016,5.0,B,K06,1,1,0,1,0,0,0,0,0,1,0,0,0,1,0,1,1,0,0,0,0,0,0,1,1,1,0,1,1,0,1,1,0,0,1,0,1,0,0,0,1,1,1,1,0,0,0,0,1,1,0,0,1,0,0,1,0,0,1,0,1,0,0,0,1,1,1,1,1,0,0,0,1,1,1,1,1,0,0,1,1,1,0,1,0,0,0,0,1,0,1,0,0,0,1,0,1,1,1,1,0,0,1,1,1,0,0,1,1,0,1,1,1,1,1,1,0,1,0,1
E5.13.1762,E5.13,early_TE,36.8889499,Petropoulos2016,5.0,B,K06,1,0,0,0,1,1,0,0,0,1,0,1,0,0,0,1,1,0,0,0,0,0,0,0,1,1,0,0,1,0,1,1,0,1,1,0,1,0,0,0,1,1,0,1,1,0,1,1,0,1,0,0,1,0,0,1,0,0,1,0,0,0,0,0,1,1,1,1,1,0,0,1,0,1,0,0,1,1,0,1,0,1,0,1,0,0,0,0,1,0,1,0,0,0,1,0,1,1,1,1,0,0,1,1,0,0,0,1,1,0,1,0,0,1,0,0,0,1,0,1
E5.13.1766,E5.13,early_TE,31.92700656,Petropoulos2016,5.0,B,K06,1,1,0,1,1,0,0,0,0,1,1,0,1,0,0,1,1,0,0,0,0,0,0,1,1,1,0,1,1,0,1,1,0,0,1,0,1,0,0,0,1,1,0,1,0,0,1,0,1,1,0,0,1,0,0,1,0,0,1,0,1,0,0,0,1,1,1,1,1,0,0,1,0,1,1,0,0,1,0,1,1,1,0,1,0,0,0,0,1,0,1,1,0,0,1,0,1,1,1,1,0,0,1,1,1,0,0,1,1,0,1,1,1,1,1,1,0,1,0,1
E5.13.1770,E5.13,early_TE,38.18198923,Petropoulos2016,5.0,B,K06,1,1,0,0,1,0,0,0,0,1,0,0,0,0,0,1,1,0,0,0,0,0,0,1,0,1,0,0,1,0,1,1,0,0,1,0,1,0,0,0,1,1,0,1,0,0,0,0,0,1,0,0,1,0,0,1,0,0,0,0,1,0,0,0,0,1,1,1,1,0,0,1,1,0,1,0,0,0,0,1,1,1,0,1,0,0,0,0,1,0,1,1,0,0,0,1,1,1,1,1,1,0,1,1,1,0,0,1,0,0,0,0,0,1,0,1,0,1,0,1
E5.13.1781,E5.13,early_TE,39.96397205,Petropoulos2016,5.0,B,K06,1,0,0,0,0,0,0,0,0,1,0,0,0,0,0,1,1,0,0,0,0,0,0,0,1,1,0,0,1,0,1,1,0,0,1,0,1,0,0,0,1,1,1,1,0,0,1,0,0,1,0,0,1,0,0,1,0,0,0,0,0,0,0,0,1,1,1,1,1,0,1,0,0,1,1,0,0,1,1,1,1,1,0,1,0,0,0,0,1,0,1,1,0,0,1,0,1,1,1,1,0,0,1,1,0,0,0,1,0,0,1,1,1,1,1,1,0,1,0,1
E5.14.1788,E5.14,early_TE,35.52238186,Petropoulos2016,5.0,B,K06,1,0,0,1,0,0,0,0,0,1,0,0,0,0,0,1,1,0,0,0,0,0,0,1,1,1,0,1,1,0,1,1,0,1,1,0,1,0,0,0,1,1,0,1,0,0,1,1,0,1,0,0,1,0,0,1,0,0,1,0,1,1,1,0,1,1,1,1,1,0,0,1,0,1,0,0,1,1,1,1,1,1,0,1,0,0,0,0,1,1,1,0,0,0,1,0,1,1,1,1,0,0,1,1,1,0,0,1,1,0,1,1,1,1,1,1,0,1,0,1
E5.14.1791,E5.14,early_TE,40.01000498,Petropoulos2016,5.0,B,K06,1,1,0,0,0,0,0,0,0,1,0,0,0,0,0,1,1,0,0,0,0,0,0,1,0,1,0,0,1,0,0,1,0,0,1,0,1,0,0,0,0,1,0,1,0,0,1,0,0,1,0,0,1,0,0,1,0,0,0,0,1,0,0,0,0,1,1,1,1,0,0,0,0,1,0,0,0,0,0,1,0,1,0,1,0,0,0,0,1,0,1,0,1,0,0,0,1,1,0,1,0,0,1,1,1,0,0,1,0,0,0,0,0,1,0,1,0,1,0,1
E5.14.1792,E5.14,early_TE,39.09158662,Petropoulos2016,5.0,B,K06,1,0,0,0,0,0,0,0,0,1,1,0,0,0,0,1,1,0,0,0,0,0,0,1,1,1,0,0,1,0,1,1,0,0,1,0,1,0,0,0,1,1,0,1,0,0,1,1,0,1,0,0,1,0,0,1,0,0,1,0,1,0,0,0,1,1,1,1,1,0,0,0,0,1,1,0,0,0,0,1,1,1,0,1,0,0,0,0,1,0,1,0,0,0,0,0,1,1,1,1,0,0,1,1,1,0,0,1,1,0,0,1,1,1,1,1,0,1,1,1
E5.14.1797,E5.14,early_TE,38.22259546,Petropoulos2016,5.0,B,K06,1,1,0,0,0,0,0,0,0,1,0,0,0,0,0,1,1,0,0,0,0,0,0,1,0,1,0,1,1,0,1,1,0,0,1,0,1,0,0,0,1,1,0,1,0,0,1,0,0,1,0,0,1,0,0,1,0,0,1,1,1,0,0,0,1,1,1,1,1,0,0,1,1,1,0,0,0,1,1,1,0,1,0,1,0,0,0,0,1,0,1,0,0,0,1,0,0,1,0,1,0,0,1,1,1,0,0,1,1,0,0,1,0,1,0,1,0,1,0,1
E5.14.1798,E5.14,early_TE,35.74353305,Petropoulos2016,5.0,B,K06,1,0,0,0,0,0,0,0,0,1,0,0,0,0,0,0,1,0,0,0,0,0,0,1,0,1,0,0,1,0,1,1,0,1,1,0,1,0,0,0,0,1,0,1,0,0,0,0,1,1,0,0,1,0,0,1,0,0,0,0,1,0,0,0,0,0,1,0,1,0,0,0,0,0,0,0,0,0,0,0,0,1,0,1,0,0,0,0,1,0,1,0,0,0,1,0,0,1,0,1,0,0,1,1,0,0,0,1,0,0,0,0,1,1,0,0,0,1,0,1
E5.14.1802,E5.14,early_TE,35.26431476,Petropoulos2016,5.0,B,K06,1,0,0,1,0,0,0,0,0,1,0,0,0,0,0,1,1,0,0,0,0,0,0,1,0,1,0,0,1,0,1,0,0,0,1,0,1,0,0,0,1,1,0,1,0,0,0,0,0,0,0,0,1,0,0,1,0,0,0,0,1,0,0,0,1,1,1,0,1,0,0,0,1,1,1,0,0,0,0,1,0,1,0,0,0,0,0,0,1,0,1,1,1,0,1,0,0,1,0,1,0,0,1,1,1,0,0,1,1,0,0,0,1,1,1,1,0,1,0,1
E5.14.1808,E5.14,early_TE,37.32467934,Petropoulos2016,5.0,B,K06,1,0,0,0,0,0,0,0,0,0,0,0,0,0,0,1,1,0,0,0,0,0,0,1,0,1,1,1,1,0,1,1,0,0,1,0,1,0,0,0,0,1,0,1,0,0,1,0,0,0,0,0,1,0,0,1,0,0,1,0,0,0,0,0,0,1,0,1,1,0,0,0,1,1,0,0,0,0,0,1,0,1,0,1,0,0,0,0,1,1,1,0,0,0,0,1,0,1,1,0,0,0,1,1,0,0,0,1,1,0,0,1,0,1,1,0,0,0,0,1
E5.14.1923,E5.14,early_TE,40.87957166,Petropoulos2016,5.0,B,K06,1,1,0,0,0,0,0,0,0,1,1,0,0,0,0,1,1,0,0,0,0,0,0,1,1,1,0,0,1,0,1,1,0,0,1,0,1,0,0,0,1,1,0,1,0,0,0,0,0,1,0,0,1,0,0,1,0,0,1,0,1,0,0,0,1,1,1,1,1,0,0,0,1,1,1,0,0,0,1,1,1,1,0,1,0,0,0,0,1,0,1,1,1,0,1,0,1,1,1,1,0,0,1,1,1,0,0,1,1,0,0,0,1,1,1,1,0,1,0,1
E5.14.1925,E5.14,early_TE,39.13145285,Petropoulos2016,5.0,B,K06,1,1,0,0,0,0,0,0,0,1,0,0,0,0,0,1,1,0,0,0,0,0,0,1,1,1,0,0,1,0,1,1,0,0,1,0,1,1,0,0,0,1,0,1,0,0,1,0,1,1,0,0,1,0,0,1,0,0,1,0,1,0,0,0,1,1,1,1,1,0,0,0,1,1,0,0,0,0,1,0,0,1,0,1,0,0,0,0,1,0,1,0,0,0,1,0,1,1,1,1,0,0,1,1,0,0,0,1,1,0,1,1,1,1,1,1,0,1,0,1
E5.16.1885,E5.16,early_TE,30.83574989,Petropoulos2016,5.0,B,K07,1,1,0,0,0,0,0,0,0,1,0,0,0,0,0,1,1,0,0,0,0,0,0,0,0,1,0,0,1,0,0,0,0,0,1,0,1,0,0,1,0,1,0,0,0,0,0,0,0,0,0,0,1,0,0,1,0,1,0,0,1,0,0,0,1,0,1,0,1,0,0,0,0,0,0,0,0,0,0,1,0,1,0,1,0,0,0,0,0,0,1,0,1,0,0,0,1,1,0,1,0,0,1,1,0,0,0,1,0,0,0,0,0,0,0,0,0,1,1,1
E5.16.1887,E5.16,early_TE,40.43468293,Petropoulos2016,5.0,B,K07,1,1,0,1,0,0,0,0,0,1,0,0,0,0,0,1,1,0,0,0,0,0,0,1,0,1,0,0,1,0,1,0,0,0,1,0,1,0,0,0,1,1,1,1,0,0,0,0,0,1,0,0,1,0,0,1,1,0,1,0,1,0,0,0,1,1,1,1,1,0,0,1,0,1,1,0,0,0,0,1,0,1,0,1,0,0,0,0,1,0,1,1,1,0,0,0,1,1,0,1,0,0,1,1,1,0,0,1,0,0,0,0,0,1,1,0,0,1,0,1
E5.16.1888,E5.16,early_TE,36.41872382,Petropoulos2016,5.0,B,K07,1,1,0,0,1,0,0,0,0,1,0,0,0,1,0,1,1,0,0,0,0,0,0,1,1,1,0,0,1,0,1,1,0,1,1,1,1,0,0,0,1,1,1,1,0,0,1,0,0,0,0,0,1,0,0,1,1,0,1,0,1,0,0,0,1,1,1,1,1,0,0,0,1,1,0,0,0,0,1,1,1,1,0,1,0,0,0,0,1,0,1,1,1,0,1,0,1,1,1,1,0,0,1,1,1,0,0,1,1,0,1,0,1,1,1,1,0,1,1,1
E5.16.1893,E5.16,early_TE,39.99437682,Petropoulos2016,5.0,B,K07,1,1,0,0,0,0,0,0,0,1,0,0,0,0,0,1,1,0,0,0,0,0,0,1,1,1,0,1,1,0,1,0,0,0,1,0,1,0,0,0,0,1,0,1,0,0,0,0,0,0,0,0,1,0,0,1,0,0,1,1,1,0,0,0,1,1,1,1,1,0,0,0,1,1,1,0,0,0,0,1,0,1,0,1,0,0,0,0,1,1,1,1,0,0,0,0,1,1,1,1,0,0,1,1,1,0,0,1,1,0,0,0,0,1,1,1,0,1,0,1
E5.16.1894,E5.16,early_TE,40.29629125,Petropoulos2016,5.0,B,K07,1,1,0,0,0,0,0,0,0,1,0,0,0,0,0,1,1,0,0,0,0,0,0,0,0,1,0,0,1,0,1,0,0,0,1,0,1,0,0,0,0,1,0,1,0,0,1,0,0,1,0,0,1,0,0,1,0,0,1,0,1,0,0,0,0,1,1,1,1,0,0,0,0,1,1,0,1,0,0,0,1,1,0,1,0,0,0,0,1,0,1,1,1,0,1,0,1,1,0,1,0,0,1,1,0,1,0,1,1,0,0,0,1,1,1,1,0,1,0,1
E5.16.1899,E5.16,early_TE,40.84201904,Petropoulos2016,5.0,B,K07,1,1,0,0,0,0,0,0,0,1,0,0,0,0,0,1,0,0,0,0,0,0,0,1,1,1,0,0,1,0,1,0,0,1,1,1,1,0,0,0,0,1,0,1,0,0,1,0,0,1,0,0,1,1,0,1,0,0,1,0,1,0,0,0,1,1,1,1,1,0,1,0,1,1,0,0,0,0,1,0,1,1,0,1,0,0,0,0,1,0,1,0,1,0,1,0,1,1,1,1,0,0,1,1,0,0,0,1,1,0,0,1,0,1,0,1,0,1,0,1
E5.16.1900,E5.16,early_TE,40.51217907,Petropoulos2016,5.0,B,K07,1,1,0,0,0,0,0,0,0,1,0,0,0,0,0,1,1,0,0,0,0,0,0,0,1,1,0,1,1,0,0,0,0,0,1,0,1,0,0,0,0,1,0,1,0,0,0,0,0,0,0,0,1,0,0,1,0,0,1,0,1,0,0,0,0,1,1,0,1,0,0,0,1,0,1,0,0,0,0,1,0,1,0,1,0,0,0,0,1,0,1,0,1,0,1,0,0,1,0,1,0,0,1,1,1,0,0,1,0,0,0,1,0,1,1,1,0,1,0,1
E5.16.1901,E5.16,early_TE,34.73432206,Petropoulos2016,5.0,B,K07,1,1,0,1,0,0,0,0,0,1,0,0,0,1,0,1,1,0,0,0,1,0,1,1,1,1,1,1,1,0,1,1,0,0,1,0,1,0,0,0,1,1,1,1,0,0,1,1,1,1,0,0,1,0,0,1,1,0,1,1,1,0,0,0,1,1,1,1,1,0,1,1,1,1,0,0,0,0,0,1,1,1,0,1,0,0,0,0,1,1,1,1,1,0,1,0,1,1,1,1,0,0,1,1,1,0,0,1,1,0,0,1,1,1,1,1,0,1,0,1
E5.16.1903,E5.16,early_TE,35.86520362,Petropoulos2016,5.0,B,K07,1,1,0,0,0,0,0,0,0,1,0,0,0,0,0,1,1,0,0,0,0,0,1,1,1,1,0,1,1,0,1,1,0,0,1,1,1,0,0,0,1,1,1,1,0,0,0,0,1,1,0,0,1,0,0,1,1,0,1,0,1,0,0,0,1,1,1,1,1,0,1,1,0,1,1,1,1,0,0,1,1,1,0,1,0,0,0,0,1,0,1,1,1,0,1,0,1,1,1,1,0,0,1,1,1,0,0,1,1,0,1,1,1,1,1,1,0,1,0,1
E5.16.1904,E5.16,early_TE,38.34057086,Petropoulos2016,5.0,B,K07,1,1,0,1,0,0,0,0,0,1,0,0,0,1,0,1,1,0,0,0,0,0,0,1,1,1,0,1,1,0,1,1,0,1,1,1,1,0,0,0,1,1,1,1,0,0,0,0,0,1,0,0,1,0,0,1,1,0,1,0,1,0,0,0,1,1,1,1,1,0,0,1,1,1,1,1,0,0,1,1,1,1,0,1,0,0,0,0,1,1,1,1,1,0,1,0,1,1,1,1,0,0,1,1,1,0,0,1,1,0,0,0,1,1,1,1,0,1,0,1
E5.16.1905,E5.16,early_TE,37.08831682,Petropoulos2016,5.0,B,K07,1,1,0,1,0,0,0,1,0,1,0,0,0,0,0,1,1,0,0,0,0,0,0,1,1,1,0,0,1,0,1,1,0,0,1,1,1,0,0,0,1,1,1,1,0,0,0,0,0,1,0,0,1,0,0,1,0,0,1,0,1,0,0,0,1,1,1,1,1,0,1,1,1,1,1,1,0,0,1,1,1,1,0,1,0,0,0,0,1,0,1,1,1,0,1,0,1,1,1,1,1,0,1,1,1,0,0,1,1,0,1,0,1,1,1,1,0,1,0,1
E5.16.1906,E5.16,early_TE,40.39575761,Petropoulos2016,5.0,B,K07,1,1,0,1,0,0,0,0,0,1,0,0,0,0,0,1,1,0,0,0,0,0,0,1,1,1,0,1,1,0,1,1,0,0,1,0,1,0,0,0,0,1,1,1,1,0,1,0,1,1,0,0,1,0,0,1,0,0,1,0,1,0,0,0,1,1,1,1,1,0,1,0,0,1,0,0,0,0,1,1,1,1,0,1,0,0,0,0,1,0,1,1,1,0,1,0,1,1,1,1,0,0,1,1,1,0,0,1,1,0,1,0,1,1,1,1,0,1,0,1
E5.16.1907,E5.16,early_TE,40.42103329,Petropoulos2016,5.0,B,K07,1,1,0,0,0,0,0,0,0,1,0,0,0,0,0,1,1,0,0,0,0,0,0,1,1,1,0,0,1,0,1,1,0,0,1,0,1,0,0,0,1,1,1,1,0,0,1,0,0,0,0,0,1,0,0,1,0,0,1,0,1,0,0,0,1,1,1,1,1,0,0,0,0,1,1,1,0,0,1,1,0,1,0,1,0,0,0,0,1,0,1,1,1,0,1,0,1,1,1,1,0,0,1,1,0,0,0,1,1,0,1,0,0,1,1,1,0,1,0,1
E5.16.1908,E5.16,early_TE,39.26555806,Petropoulos2016,5.0,B,K07,1,1,0,0,0,0,0,0,0,1,0,0,0,0,0,1,1,0,0,0,0,0,0,1,0,1,0,0,1,0,1,1,0,0,1,0,1,0,0,0,1,1,1,0,0,0,0,0,0,0,0,0,1,0,0,1,1,0,1,0,1,0,0,0,1,1,1,1,1,0,1,1,0,1,0,0,0,0,1,1,1,1,0,1,0,0,0,0,1,0,1,1,1,0,1,0,1,1,0,1,0,1,1,1,0,0,1,1,1,0,0,0,1,1,1,1,0,1,0,1
E5.16.1911,E5.16,early_TE,33.14610849,Petropoulos2016,5.0,B,K07,1,0,0,0,0,0,0,0,0,1,0,0,0,1,0,1,1,0,0,0,0,0,1,0,1,1,0,1,1,0,1,1,0,0,1,0,1,0,0,0,1,1,0,1,0,0,1,0,0,0,0,0,1,0,0,1,1,0,1,1,1,0,0,0,1,1,1,1,1,0,0,1,1,1,0,0,0,0,0,1,1,1,0,1,0,0,0,0,1,0,1,1,0,0,1,0,1,1,1,1,0,0,1,1,0,0,0,1,1,0,0,1,0,1,1,1,0,1,0,1
E5.16.1912,E5.16,early_TE,41.25017216,Petropoulos2016,5.0,B,K07,1,1,0,0,0,0,0,0,0,1,0,0,0,0,0,1,1,0,0,0,0,0,0,1,1,1,0,0,1,0,1,1,0,0,1,0,1,0,0,0,1,1,1,1,0,0,0,0,0,1,0,0,1,0,0,1,1,0,1,0,1,0,0,0,1,1,1,1,1,0,0,1,0,1,1,0,0,0,0,1,1,1,0,1,0,0,0,0,1,1,1,0,1,0,1,0,1,1,1,1,0,0,1,1,1,0,0,1,0,0,0,1,0,0,1,1,0,1,0,1
E5.16.1915,E5.16,early_TE,39.5619871,Petropoulos2016,5.0,B,K07,1,0,0,0,0,0,0,0,0,1,0,0,0,0,0,1,1,0,0,0,0,0,0,1,0,1,0,1,1,0,0,0,0,0,1,0,1,0,0,0,0,1,0,0,0,0,1,0,0,1,0,0,1,0,0,1,0,0,0,0,1,0,0,0,1,1,1,1,1,0,0,0,0,0,0,0,0,0,0,0,1,1,0,1,0,0,0,0,1,0,1,1,1,0,0,0,0,1,0,1,0,0,1,1,0,1,0,1,0,0,0,1,0,1,1,1,0,1,0,1
E5.2.38,E5.2,early_TE,35.06232637,Petropoulos2016,5.0,B,K05,1,1,0,0,0,0,0,0,0,1,0,0,0,0,0,1,1,0,0,0,0,0,0,1,0,1,0,1,1,0,1,1,0,0,1,0,1,0,0,0,1,1,1,1,0,1,0,0,1,0,0,0,1,0,0,1,0,0,1,0,1,0,0,0,0,1,1,1,1,0,0,0,0,1,0,0,0,0,1,0,1,1,0,1,0,0,0,0,1,1,1,0,0,0,0,0,1,1,1,1,0,0,1,1,0,0,0,1,1,0,1,0,1,1,1,1,0,1,0,1
E5.2.40,E5.2,early_TE,31.53581556,Petropoulos2016,5.0,B,K05,1,0,0,1,1,0,0,0,0,1,0,0,0,0,0,1,1,0,0,0,0,0,0,1,1,1,0,1,1,0,0,0,0,0,1,1,1,0,0,0,1,1,1,1,0,0,1,0,1,1,0,0,1,0,0,1,1,0,1,0,1,0,0,0,1,0,1,1,1,0,0,0,1,1,0,0,1,0,1,1,1,1,0,1,0,0,0,0,1,0,1,0,0,0,0,0,1,1,1,1,0,0,1,1,1,0,0,1,1,0,1,1,1,1,1,1,0,1,0,1
E5.2.41,E5.2,early_TE,38.14683879,Petropoulos2016,5.0,B,K05,0,0,0,1,1,0,0,0,0,0,0,0,0,0,0,1,1,0,0,0,0,0,0,0,0,1,0,0,1,0,1,0,0,0,1,0,1,0,0,0,1,1,0,1,0,0,0,0,1,0,0,0,1,0,0,1,0,0,1,0,1,0,0,0,1,1,1,1,1,0,0,1,0,1,0,0,0,0,1,1,0,1,0,1,0,0,0,0,1,0,1,0,0,0,0,0,1,1,0,1,0,1,1,1,1,0,0,1,0,0,0,0,1,1,0,0,0,1,0,1
E5.2.42,E5.2,early_TE,36.4044478,Petropoulos2016,5.0,B,K05,1,1,0,1,0,0,0,0,0,1,0,0,0,0,0,1,1,0,0,0,0,0,0,1,1,1,0,1,1,0,1,0,0,0,1,1,1,0,0,0,1,1,0,1,1,0,0,0,1,1,0,0,1,0,0,1,0,0,1,0,1,0,0,0,1,1,1,1,1,0,0,1,1,1,0,0,0,0,0,1,1,1,0,1,0,0,0,0,1,1,1,1,0,0,0,0,1,1,1,1,0,0,1,1,1,0,0,1,0,0,0,0,1,1,0,1,0,1,0,1
E5.2.43,E5.2,early_TE,36.67086409,Petropoulos2016,5.0,B,K05,1,1,0,1,0,0,0,0,0,1,0,0,0,0,0,1,1,0,0,0,0,0,0,1,1,1,0,0,1,0,1,1,0,0,1,0,1,0,0,0,1,1,1,1,0,0,1,0,1,0,0,0,1,0,0,1,0,0,0,0,1,0,0,0,0,0,1,1,1,0,0,0,1,1,0,0,1,0,0,1,1,1,0,1,0,0,0,0,1,1,1,1,0,0,0,0,1,1,1,1,0,0,1,1,0,0,0,1,0,0,0,1,1,1,1,1,0,1,0,1
E5.2.45,E5.2,early_TE,39.49695953,Petropoulos2016,5.0,B,K05,1,1,0,1,0,0,0,0,0,1,0,0,0,0,0,1,1,0,0,0,0,0,0,1,1,1,0,0,1,0,1,0,0,0,1,0,1,0,0,0,1,1,0,1,0,0,0,0,1,1,0,0,1,0,0,1,0,0,1,0,1,0,0,0,1,1,1,1,1,0,0,0,0,1,1,0,1,0,1,1,0,1,0,1,0,0,0,0,1,1,1,1,1,0,0,0,1,1,0,1,0,0,1,1,1,0,0,1,0,0,0,0,0,1,1,1,0,1,0,1
E5.2.46,E5.2,early_TE,35.7730767,Petropoulos2016,5.0,B,K05,1,1,0,0,1,0,0,0,0,1,0,0,0,0,0,1,1,0,0,0,0,0,0,0,1,1,0,0,1,0,1,1,0,0,1,1,1,0,0,0,1,1,0,1,1,0,0,0,1,1,0,0,1,0,0,1,0,0,1,0,1,0,0,0,1,1,1,1,1,0,0,1,1,1,0,0,0,0,1,1,1,1,0,1,0,0,0,0,1,0,1,1,0,0,1,0,1,1,0,1,0,0,1,1,1,0,0,1,0,0,0,1,1,1,1,1,0,1,0,1
E5.2.47,E5.2,early_TE,35.04522741,Petropoulos2016,5.0,B,K05,1,0,0,1,1,0,0,0,0,1,0,0,0,0,0,1,1,0,0,0,0,0,0,1,1,1,0,1,0,0,1,0,0,0,1,0,1,0,0,0,1,1,1,1,0,0,0,0,1,1,0,0,1,0,0,1,0,0,1,0,1,0,0,0,1,0,1,1,1,0,0,1,1,1,0,0,0,0,1,0,1,1,0,1,0,0,0,0,1,0,1,0,0,0,0,0,1,1,0,1,0,0,1,1,1,0,1,1,1,0,0,0,1,1,1,1,0,1,0,1
E5.2.48,E5.2,early_TE,36.86078749,Petropoulos2016,5.0,B,K05,1,1,0,0,0,0,0,0,0,1,0,0,0,0,0,1,1,0,0,0,0,0,0,0,1,1,0,1,1,0,1,1,0,0,1,0,1,0,0,0,0,1,0,1,0,0,0,0,1,1,0,0,1,0,0,1,0,1,0,0,0,0,0,0,1,1,1,1,1,0,0,0,0,0,0,0,0,0,1,0,1,1,0,1,0,0,0,0,1,0,1,0,0,0,1,0,1,1,0,1,0,0,1,1,1,0,0,1,0,0,0,0,1,1,1,1,0,1,0,1
E5.3.51,E5.3,early_TE,40.37750024,Petropoulos2016,5.0,B,K06,1,0,0,0,0,0,0,0,0,1,0,0,0,0,0,1,1,0,0,0,0,0,0,0,1,1,0,0,1,0,1,1,0,0,1,0,1,0,0,0,1,1,0,1,0,0,0,0,0,0,0,0,1,0,0,1,1,0,0,0,1,0,0,0,1,0,1,1,1,0,1,0,1,0,0,0,0,0,0,1,0,1,0,1,0,0,0,0,1,0,1,0,1,0,0,0,1,1,1,1,0,0,1,1,0,0,0,1,0,0,0,0,0,1,1,1,0,1,0,1
E5.3.54,E5.3,early_TE,41.25159358,Petropoulos2016,5.0,B,K06,1,0,0,0,1,0,0,0,0,1,0,0,0,0,0,1,1,0,0,0,0,0,0,1,0,1,0,0,1,0,1,1,0,0,1,0,1,0,0,0,1,1,1,1,0,0,0,0,0,1,0,0,1,0,0,1,0,0,0,0,1,0,0,0,1,1,1,0,1,0,0,0,0,1,0,0,0,0,1,1,0,1,0,1,0,0,0,0,1,0,1,0,0,0,1,0,1,1,1,1,0,0,1,1,0,0,0,1,1,0,0,0,1,1,1,1,0,1,0,1
E5.3.56,E5.3,early_TE,39.95154967,Petropoulos2016,5.0,B,K06,1,1,0,0,0,0,0,0,0,1,0,0,0,0,0,1,1,1,0,0,0,0,0,1,1,1,0,0,1,0,1,0,0,0,1,0,1,0,0,0,0,1,0,1,0,0,0,0,0,0,0,0,1,0,0,1,0,0,1,0,0,0,0,0,1,1,1,1,1,0,0,0,1,0,1,0,0,0,1,0,0,1,0,1,0,0,0,0,1,0,1,0,1,0,1,0,1,1,0,1,0,0,1,1,0,0,0,1,0,0,0,0,1,1,0,0,0,1,0,1
E5.3.57,E5.3,early_TE,41.24263879,Petropoulos2016,5.0,B,K06,1,1,0,0,0,0,0,0,0,1,0,0,0,0,0,1,1,0,0,0,0,0,0,1,1,1,0,0,1,0,1,1,0,0,1,0,1,0,0,0,1,1,1,1,0,0,0,0,0,0,0,0,1,0,0,1,0,0,0,0,1,1,0,0,1,1,1,1,1,0,0,1,1,0,0,1,0,0,1,0,1,1,0,1,0,0,0,0,1,0,1,0,0,0,1,0,1,1,0,1,0,0,1,1,1,0,0,1,0,0,0,0,1,1,1,1,0,1,0,1
E5.3.60,E5.3,early_TE,40.83024776,Petropoulos2016,5.0,B,K06,1,0,0,0,0,0,0,0,0,1,0,0,0,0,0,1,1,0,0,0,0,0,0,0,0,1,0,0,1,0,1,0,0,1,1,0,1,0,0,0,1,1,0,0,0,0,0,0,0,1,0,0,1,0,0,1,1,0,0,0,0,0,0,0,0,0,1,1,1,0,0,0,0,0,0,0,0,0,0,0,0,1,0,1,0,0,0,0,1,0,1,0,0,0,0,0,1,1,1,1,0,0,1,1,0,0,0,1,0,0,0,0,0,1,1,0,0,1,0,1
E5.39.3262,E5.39,early_TE,35.97584556,Petropoulos2016,5.0,B,K05,1,1,0,1,1,0,0,0,0,1,1,0,0,0,0,1,1,0,0,0,0,0,0,1,1,1,0,0,1,0,1,0,0,0,1,0,1,1,0,0,1,1,1,1,1,0,1,0,0,0,0,1,1,0,0,1,0,1,1,0,1,0,0,0,1,1,1,1,1,0,0,1,1,0,0,0,0,1,0,1,1,1,0,0,0,0,0,0,1,0,1,0,0,0,0,1,1,1,0,1,0,0,1,1,0,0,0,1,1,0,0,1,1,1,0,1,0,1,0,1
E5.39.3263,E5.39,early_TE,35.5392246,Petropoulos2016,5.0,B,K05,1,1,0,0,0,0,0,0,0,1,0,1,0,0,1,1,1,0,0,0,0,0,0,1,1,1,0,1,1,0,1,0,0,1,1,0,1,0,0,0,1,1,0,1,0,0,1,0,1,0,0,0,1,1,0,1,0,0,1,0,1,0,0,0,1,1,1,0,1,0,0,0,0,1,0,1,1,1,0,1,0,1,0,1,0,0,0,0,1,0,1,1,0,0,0,0,1,1,0,1,0,0,1,1,0,0,0,1,1,0,1,1,1,1,1,1,0,1,0,1
E5.39.3264,E5.39,early_TE,35.58627219,Petropoulos2016,5.0,B,K05,1,1,0,1,1,0,0,0,0,1,1,1,0,0,0,1,1,0,0,0,0,1,0,1,1,1,0,1,1,0,1,1,0,0,1,0,1,1,0,0,1,1,0,1,0,0,1,0,1,1,0,0,1,0,1,1,0,1,1,0,1,0,0,0,0,1,1,1,1,0,0,0,1,1,0,0,1,1,1,1,0,1,0,1,0,0,0,0,1,0,1,0,0,0,0,1,1,1,0,1,0,0,1,1,0,0,0,1,1,0,1,1,1,1,1,1,0,1,0,1
E5.39.3266,E5.39,early_TE,38.65478742,Petropoulos2016,5.0,B,K05,1,0,0,0,0,0,0,0,0,1,0,0,0,0,0,1,1,0,0,0,0,0,0,0,0,1,0,0,1,0,1,0,0,0,1,0,1,0,0,0,0,1,0,0,0,0,0,0,1,1,0,0,1,1,0,1,0,0,0,0,1,0,0,0,0,1,1,1,1,0,0,0,0,1,0,0,0,1,1,0,0,1,0,0,0,0,1,0,1,0,1,0,0,0,0,0,1,1,0,1,0,0,1,1,0,0,0,1,1,0,0,1,0,1,1,0,0,1,0,1
E5.39.3267,E5.39,early_TE,36.42836651,Petropoulos2016,5.0,B,K05,1,1,0,0,1,0,0,1,0,1,0,0,1,0,0,1,1,0,0,0,0,1,0,1,1,1,0,0,1,0,1,1,0,0,1,0,1,1,0,0,1,1,0,1,0,0,1,0,0,0,0,0,1,0,0,1,1,0,0,0,1,0,0,0,1,1,1,0,1,0,0,1,0,1,0,1,0,1,0,1,0,1,0,1,0,0,0,0,1,0,1,1,0,0,1,0,1,1,0,1,0,0,1,1,0,0,0,1,1,0,0,1,1,0,0,1,0,1,0,1
E5.39.3269,E5.39,early_TE,38.20581437,Petropoulos2016,5.0,B,K05,1,1,0,0,0,0,0,0,0,1,0,0,0,0,0,1,1,0,0,0,0,0,0,0,0,1,0,1,1,0,0,0,0,1,1,0,1,0,0,0,1,1,0,1,0,0,1,0,0,1,0,0,1,0,0,1,0,0,1,0,0,0,0,0,0,0,1,0,1,0,0,0,1,1,0,0,0,1,0,0,0,1,0,0,0,0,0,0,1,0,1,0,0,0,0,0,1,1,0,1,0,0,1,1,0,0,0,1,1,0,0,1,1,1,1,0,0,1,0,1
E5.39.3274,E5.39,early_TE,40.82291782,Petropoulos2016,5.0,B,K05,1,0,0,0,0,0,0,0,0,1,0,0,0,0,0,1,1,0,0,0,0,0,0,1,0,1,0,0,1,0,1,1,0,0,1,1,1,0,0,0,1,1,0,0,0,0,1,0,0,0,0,0,1,0,0,1,0,0,0,0,1,0,0,0,1,1,1,1,1,0,0,0,1,1,1,0,0,0,1,1,0,1,0,1,0,0,0,0,1,1,1,0,0,0,1,0,1,1,0,1,0,0,1,1,1,0,0,1,1,0,0,0,0,0,1,1,0,1,0,1
E5.40.3278,E5.40,early_TE,39.57144122,Petropoulos2016,5.0,B,K06,1,0,0,0,1,0,0,0,0,1,0,0,0,0,0,1,1,0,0,0,0,0,0,0,0,1,0,0,1,0,1,0,0,0,1,0,0,0,0,0,1,1,1,1,0,0,0,0,0,0,0,0,1,0,0,1,0,0,0,0,0,0,0,0,1,1,1,1,1,0,0,1,0,1,0,0,0,0,0,1,1,1,0,1,0,0,0,0,1,0,1,0,0,0,0,0,1,1,1,1,0,0,0,1,0,0,0,1,1,0,0,0,1,1,0,0,0,1,0,1
E5.40.3279,E5.40,early_TE,39.55585862,Petropoulos2016,5.0,B,K06,1,1,0,0,0,0,0,0,0,1,0,0,0,0,0,1,1,0,0,0,0,0,0,1,0,1,0,0,1,0,1,1,0,1,1,0,0,0,0,0,1,1,0,0,0,0,1,0,0,1,0,0,1,0,0,1,0,0,0,0,1,0,0,0,0,1,1,1,1,0,0,0,0,1,1,0,0,0,0,0,0,1,0,1,0,0,0,0,1,0,1,0,0,0,1,0,1,1,1,1,0,0,1,1,1,0,0,1,0,0,0,1,1,1,1,0,0,1,0,1
E5.40.3283,E5.40,early_TE,34.59689061,Petropoulos2016,5.0,B,K06,1,1,0,0,0,0,0,0,0,1,0,0,0,0,0,1,1,0,0,0,0,0,0,0,1,1,0,1,1,0,1,1,0,0,1,0,1,1,0,0,1,1,1,1,0,0,1,0,1,1,0,0,1,0,0,1,1,0,1,0,1,0,0,0,1,1,1,1,1,0,0,0,1,1,0,0,1,0,1,1,1,1,0,1,0,0,0,0,1,1,1,0,1,0,0,0,1,1,1,1,0,0,1,1,0,0,0,1,1,0,0,1,1,1,1,1,0,1,0,1
E5.40.3285,E5.40,early_TE,39.33220833,Petropoulos2016,5.0,B,K06,1,0,0,0,1,0,0,1,0,1,0,0,0,0,0,1,1,0,0,0,0,0,0,0,0,1,0,0,0,0,1,1,0,0,1,0,1,1,0,0,0,1,0,0,1,0,1,0,0,0,0,0,1,0,0,1,0,0,1,0,1,0,0,0,0,1,1,1,1,0,0,0,0,0,0,0,0,0,1,1,0,1,0,1,0,0,0,0,1,0,1,0,1,0,0,0,0,1,0,1,0,0,1,1,1,0,0,1,0,0,0,0,0,1,1,0,0,0,0,1
E5.40.3291,E5.40,early_TE,36.85186244,Petropoulos2016,5.0,B,K06,1,1,0,0,0,0,0,0,0,1,0,0,0,0,0,1,1,0,0,0,0,0,0,1,0,1,0,0,1,0,1,0,0,0,1,0,1,0,0,0,1,1,1,1,0,0,1,0,0,1,0,0,1,0,0,1,1,0,0,0,1,0,0,0,0,1,1,0,1,0,0,0,1,1,0,0,0,1,1,1,1,1,0,1,0,0,0,0,1,0,1,1,0,0,0,0,1,1,1,1,0,0,1,1,1,0,0,1,1,0,1,1,0,1,1,1,0,1,0,1
E5.40.3294,E5.40,early_TE,37.09018456,Petropoulos2016,5.0,B,K06,1,1,0,0,1,0,0,0,0,1,0,0,0,0,0,1,1,0,0,0,0,0,0,0,1,1,0,1,1,0,1,1,0,0,1,0,1,1,0,0,1,1,0,1,0,0,1,0,0,1,0,0,1,0,0,1,0,0,0,0,0,0,0,0,1,1,1,1,1,0,0,0,0,1,0,0,0,1,1,1,1,1,0,1,0,0,0,0,1,0,1,1,0,0,0,0,1,1,1,1,0,0,1,1,1,0,0,1,1,0,1,0,1,1,0,1,0,1,0,1
E5.41.3308,E5.41,early_TE,27.74100792,Petropoulos2016,5.0,B,K04,1,1,0,0,1,0,0,0,0,0,0,0,0,0,0,1,1,0,0,0,0,0,0,0,1,1,0,1,0,0,0,0,0,1,1,0,1,0,0,0,0,1,0,1,0,0,0,1,0,0,0,0,1,0,0,1,0,0,0,0,0,0,0,0,1,1,1,0,1,0,0,0,0,1,0,0,0,0,0,0,0,1,0,1,0,0,0,0,1,0,1,0,0,0,0,0,1,1,0,1,0,0,1,1,0,0,0,1,1,0,0,0,0,0,0,1,0,1,0,1
E5.41.3310,E5.41,early_TE,37.7784805,Petropoulos2016,5.0,B,K04,1,1,0,0,0,0,0,0,0,1,0,0,0,0,0,1,1,0,0,0,0,0,0,0,0,1,0,0,1,0,0,0,0,1,1,0,1,0,0,0,0,1,0,1,0,0,0,0,1,1,0,0,1,0,0,1,0,0,0,0,1,0,0,0,0,0,1,0,1,0,0,0,0,1,0,0,0,0,1,0,0,1,0,1,0,0,0,0,1,0,1,0,0,0,0,0,1,1,0,1,0,0,1,1,0,0,0,1,0,0,0,0,0,1,0,0,0,1,0,1
E5.41.3313,E5.41,early_TE,38.21696694,Petropoulos2016,5.0,B,K04,1,0,0,0,0,0,0,0,0,1,0,0,0,0,0,1,1,0,0,0,0,0,0,0,0,1,0,1,0,0,1,0,0,0,1,0,0,0,0,0,1,1,0,0,0,0,0,0,0,1,0,0,1,0,1,1,0,0,0,0,1,0,0,0,0,0,1,1,1,0,0,0,0,0,0,0,0,1,0,0,0,1,0,0,0,0,0,0,1,0,0,0,0,0,0,0,1,1,0,1,0,0,1,1,0,0,0,1,1,0,0,1,0,0,1,0,0,0,0,1
E5.41.3315,E5.41,early_TE,37.30249492,Petropoulos2016,5.0,B,K04,1,0,0,1,0,0,0,0,0,1,0,0,0,0,0,1,1,0,1,0,0,0,0,0,0,1,0,1,1,0,0,0,0,1,1,0,1,0,0,0,0,1,0,1,0,0,0,0,1,0,0,0,1,0,0,1,0,0,1,0,1,0,0,0,1,0,1,1,1,0,0,0,0,1,0,1,0,0,1,1,0,1,0,0,0,0,0,0,1,0,1,0,0,0,0,0,0,1,0,1,0,0,1,1,0,0,0,1,1,0,0,0,0,0,1,0,0,1,0,1
E5.41.3316,E5.41,early_TE,38.21842475,Petropoulos2016,5.0,B,K04,1,0,0,0,0,0,0,0,0,1,0,0,0,0,0,1,1,0,0,0,0,0,0,0,0,1,0,0,1,0,1,0,0,1,1,0,1,0,0,0,0,1,0,1,0,0,0,0,0,1,0,0,1,0,0,1,0,0,0,0,0,0,0,0,0,0,1,0,1,0,0,0,0,0,0,0,0,0,0,0,0,1,0,0,0,0,0,0,1,0,1,0,0,0,0,0,0,1,0,1,0,0,1,1,0,0,0,1,1,0,0,0,1,0,0,1,0,0,0,0
E5.41.3328,E5.41,early_TE,28.10059781,Petropoulos2016,5.0,B,K04,1,0,0,0,1,0,0,0,0,1,0,0,0,0,0,1,1,0,0,0,0,0,0,1,1,1,0,0,0,0,0,0,0,1,1,0,1,0,0,0,1,1,0,1,0,0,1,0,0,1,0,0,1,0,0,1,0,0,1,1,1,0,0,0,0,0,1,1,1,0,1,0,0,1,0,0,0,0,0,1,0,1,0,1,0,0,0,0,1,0,1,0,0,0,0,0,1,1,1,1,0,0,1,1,0,0,0,1,1,0,0,1,1,1,0,1,0,0,0,1
E5.5.100,E5.5,early_TE,40.81111969,Petropoulos2016,5.0,B,K07,1,0,0,0,0,0,0,0,0,1,0,0,0,0,0,1,1,0,0,0,0,0,0,0,0,1,0,0,1,0,1,1,0,0,1,1,1,0,0,0,1,1,1,1,0,0,0,0,1,1,0,0,1,0,0,1,0,0,0,0,1,0,0,0,1,1,1,1,1,0,0,0,1,0,1,0,0,0,1,0,0,1,0,1,0,0,0,0,1,0,1,1,0,0,1,0,1,1,1,1,0,0,1,1,1,0,0,1,1,0,0,0,1,1,0,1,0,1,0,1
E5.5.101,E5.5,early_TE,39.54421881,Petropoulos2016,5.0,B,K07,1,0,0,0,0,0,0,0,0,1,0,0,0,0,0,1,1,0,0,0,0,0,0,1,1,1,0,0,1,0,1,0,0,0,1,1,1,0,0,0,1,1,1,1,0,0,0,0,0,0,0,0,1,0,0,1,0,0,1,0,1,0,0,0,1,1,1,1,1,0,0,1,1,0,1,0,0,0,0,1,0,1,0,1,0,0,0,0,1,0,1,0,0,0,0,0,1,1,0,1,0,0,1,1,0,0,0,1,1,0,0,0,1,1,0,1,0,1,0,1
E5.5.91,E5.5,early_TE,40.00120865,Petropoulos2016,5.0,B,K07,1,0,0,0,0,0,0,0,0,1,0,0,0,0,0,1,1,0,0,0,0,0,0,1,1,1,0,0,1,0,1,1,0,0,1,0,1,0,0,0,1,1,1,1,0,0,0,0,0,1,0,0,1,0,0,1,0,0,1,0,1,0,0,0,1,1,1,1,1,0,0,0,1,1,1,0,0,0,0,1,1,1,0,1,0,0,0,0,1,0,1,0,0,0,1,0,1,1,1,1,0,0,1,1,0,0,0,1,1,0,0,0,1,1,1,1,0,1,0,1
E5.5.92,E5.5,early_TE,39.53567772,Petropoulos2016,5.0,B,K07,1,0,0,0,0,0,0,0,0,1,0,0,0,0,0,1,1,0,0,0,0,0,0,0,1,1,0,0,1,0,1,0,0,0,1,1,1,0,0,0,0,1,1,0,0,0,0,0,0,0,0,0,1,0,0,1,0,0,1,0,1,0,0,0,1,1,1,1,1,0,0,0,1,0,1,0,1,0,0,1,1,1,0,1,0,0,0,0,1,0,1,1,0,0,1,0,1,1,1,1,0,0,1,1,0,0,0,1,1,0,1,0,1,1,0,1,0,1,0,1
E5.5.95,E5.5,early_TE,40.8090525,Petropoulos2016,5.0,B,K07,1,0,0,0,1,0,0,0,1,1,0,0,0,0,0,1,1,0,0,0,0,0,0,1,1,1,0,0,1,0,1,1,0,1,1,0,1,0,0,0,1,1,1,1,0,0,1,0,0,1,0,0,1,0,0,1,0,1,1,0,0,0,0,0,1,1,1,1,1,0,0,0,1,1,0,0,0,0,0,1,1,1,0,1,0,0,0,0,1,0,1,1,0,0,0,0,1,1,1,1,0,0,1,1,1,0,0,1,0,0,0,1,0,1,1,1,0,1,0,1
E5.5.96,E5.5,early_TE,39.5476646,Petropoulos2016,5.0,B,K07,1,0,0,1,0,0,0,0,0,1,0,0,0,0,0,1,1,0,0,0,0,0,0,1,1,1,0,0,1,0,1,1,0,1,1,1,1,0,0,0,1,1,1,1,0,0,0,0,0,1,0,0,1,0,0,1,1,0,1,1,1,0,0,0,1,1,1,1,1,0,0,0,0,0,1,0,1,0,1,1,0,1,0,1,0,0,0,0,1,0,1,1,0,0,1,0,1,1,1,1,0,0,1,1,0,0,0,1,1,0,1,0,1,0,0,1,0,1,0,1
E5.5.97,E5.5,early_TE,39.55386591,Petropoulos2016,5.0,B,K07,1,1,0,0,0,0,0,0,0,1,0,0,0,0,0,1,1,0,0,0,0,0,0,1,1,1,0,0,1,0,1,0,0,0,1,1,1,0,0,0,1,1,0,1,0,0,0,0,1,1,0,0,1,0,1,1,1,0,1,1,1,0,0,0,1,0,1,1,1,0,0,0,1,1,0,0,1,0,1,1,0,1,0,1,0,0,0,0,1,0,1,0,0,0,1,0,1,1,1,1,0,0,1,1,0,0,0,1,0,0,1,1,1,1,1,1,0,1,0,1
E5.5.98,E5.5,early_TE,40.40771496,Petropoulos2016,5.0,B,K07,1,0,0,0,1,0,0,0,0,1,0,0,0,0,0,1,1,1,0,0,0,0,0,1,1,1,0,0,1,0,1,1,0,0,1,1,1,0,0,0,1,1,1,1,0,0,0,0,0,1,0,0,1,0,0,1,1,0,1,0,1,0,0,0,1,0,1,1,1,0,0,0,0,1,0,0,0,0,0,1,0,1,0,1,0,0,0,0,1,1,1,0,0,0,0,0,1,1,1,1,0,0,1,1,0,0,0,1,1,0,0,0,1,1,0,1,0,1,0,1
E5.5.99,E5.5,early_TE,39.5347883,Petropoulos2016,5.0,B,K07,1,1,0,0,0,0,0,0,0,1,0,0,0,0,0,1,1,0,0,0,0,0,0,1,1,1,0,0,1,0,1,1,0,0,1,0,1,0,0,0,1,1,1,1,0,0,0,0,1,1,0,0,1,1,1,1,1,1,1,0,1,0,0,0,1,1,1,1,1,0,0,1,0,1,1,0,0,0,0,1,0,1,0,1,0,0,0,0,1,0,1,1,0,0,1,0,0,1,1,1,0,0,1,1,1,0,0,1,1,0,1,0,1,1,1,1,0,1,0,1
E5.8.915,E5.8,early_TE,35.95031271,Petropoulos2016,5.0,B,K06,1,0,0,0,0,0,0,0,0,1,0,0,0,0,0,1,1,0,0,0,0,0,0,1,1,1,0,1,1,0,1,1,0,0,1,0,1,0,0,0,1,1,0,1,0,0,1,0,1,1,0,0,1,0,0,1,0,1,0,0,1,0,0,0,1,1,1,1,1,0,0,0,0,1,0,0,0,0,0,1,1,1,0,1,0,0,0,0,1,0,1,0,0,0,0,0,1,1,0,1,0,0,1,1,1,0,0,1,1,0,1,0,1,1,1,1,0,1,0,1
E5.8.918,E5.8,early_TE,38.46466072,Petropoulos2016,5.0,B,K06,1,0,0,0,1,0,0,0,0,1,0,0,0,0,0,1,1,0,0,0,0,0,0,0,1,1,0,0,1,0,0,1,0,0,1,0,1,0,0,0,1,1,0,1,0,0,0,0,1,1,0,0,1,0,0,1,0,0,1,0,1,0,0,0,0,1,1,1,1,0,0,0,0,0,1,0,0,0,0,1,0,1,0,1,0,0,0,0,1,0,1,0,0,0,0,1,0,1,1,1,0,0,1,1,0,0,0,1,0,0,0,1,0,0,1,0,0,1,0,1
E5.8.919,E5.8,early_TE,37.32793108,Petropoulos2016,5.0,B,K06,1,0,0,0,0,0,0,0,0,1,0,0,0,0,0,1,1,0,0,0,0,0,0,0,1,1,0,0,1,0,1,1,0,0,1,0,1,0,0,0,1,1,1,1,0,0,0,0,1,0,0,0,1,0,0,1,0,0,1,0,1,1,0,0,1,1,1,1,1,0,1,0,1,1,1,0,0,1,1,1,0,1,0,1,0,0,0,0,1,0,1,0,0,0,0,0,1,1,0,1,0,0,1,1,1,0,0,1,1,0,1,1,1,1,0,1,0,1,0,1
E5.9.923,E5.9,early_TE,38.58123892,Petropoulos2016,5.0,B,K05,1,1,0,1,1,0,0,0,0,1,0,0,0,1,0,1,1,0,0,0,0,0,0,1,1,1,0,1,1,0,1,1,0,1,1,1,1,0,0,0,1,1,0,1,0,0,1,0,1,1,0,0,1,0,0,1,1,1,1,1,1,0,0,0,1,1,1,1,1,0,1,1,0,1,1,0,1,1,1,1,1,1,0,1,0,0,0,0,1,0,1,1,0,0,1,1,1,1,1,1,0,0,1,1,1,0,0,1,1,0,1,1,1,1,1,1,0,1,0,1
E5.9.924,E5.9,early_TE,35.11581355,Petropoulos2016,5.0,B,K05,1,1,0,1,1,0,0,0,0,1,0,0,0,1,0,1,1,0,0,0,0,0,0,1,1,1,0,1,1,0,1,1,0,0,1,0,1,0,0,1,1,1,0,1,0,0,0,0,1,1,0,0,1,0,0,1,0,0,1,0,1,0,0,0,1,1,1,1,1,0,1,0,1,1,1,0,1,0,1,1,1,1,0,1,0,0,0,0,1,1,1,1,1,0,1,0,1,1,1,1,0,1,1,1,1,0,0,1,1,0,0,1,1,1,1,1,0,1,0,1
E5.9.925,E5.9,early_TE,38.57079393,Petropoulos2016,5.0,B,K05,1,1,0,1,1,0,0,0,0,1,0,0,0,1,0,1,1,0,0,0,0,0,1,1,1,1,0,1,1,0,1,1,0,1,1,0,1,0,0,0,1,1,0,1,0,0,1,1,1,1,0,0,1,0,0,1,0,1,1,0,1,1,0,0,1,1,1,1,1,0,1,1,0,1,0,1,1,1,1,1,1,1,0,1,0,0,0,0,1,1,1,1,1,0,1,1,1,1,1,1,0,0,1,1,1,0,0,1,1,0,1,1,1,1,1,1,0,1,0,1
E5.9.927,E5.9,early_TE,38.96333507,Petropoulos2016,5.0,B,K05,1,1,0,0,1,0,0,0,0,1,0,0,0,1,0,1,1,0,0,0,0,0,0,1,1,1,0,1,1,0,1,1,0,1,1,1,1,0,0,0,1,1,1,1,0,1,1,0,1,1,0,0,1,0,0,1,0,0,1,1,1,0,0,0,1,1,1,1,1,0,0,0,1,1,1,0,1,1,1,1,1,1,0,1,0,0,0,0,1,0,1,1,0,0,1,1,1,1,1,1,0,0,1,1,1,0,0,1,1,0,1,1,1,1,1,1,0,1,0,1
E5.9.928,E5.9,early_TE,38.57009399,Petropoulos2016,5.0,B,K05,1,1,0,1,1,0,0,1,0,1,0,0,0,0,0,1,1,0,0,0,0,0,0,1,1,1,0,1,1,0,1,1,0,0,1,1,1,1,0,0,1,1,1,1,1,0,1,0,1,1,0,0,1,0,0,1,1,1,1,0,1,0,0,0,1,1,1,1,1,0,1,1,1,1,1,0,1,1,1,1,1,1,0,1,0,0,0,0,1,1,1,1,1,0,1,1,1,1,1,1,0,0,1,1,1,0,0,1,1,0,1,1,1,1,1,1,0,1,0,1
E5.12.1033,E5.12,medium_TE,40.83903914,Petropoulos2016,5.0,B,K07,1,0,0,0,1,0,0,0,1,1,0,0,0,0,0,1,1,0,0,0,0,0,0,1,0,1,0,0,1,0,1,0,0,0,1,0,1,0,0,0,0,1,1,1,0,0,0,0,0,0,0,0,1,0,0,1,0,0,0,0,0,0,0,0,1,1,1,1,1,0,0,0,0,1,0,0,0,0,0,0,0,1,0,1,0,0,0,0,1,0,1,0,0,0,0,0,1,1,0,1,0,0,1,1,1,0,0,1,1,0,0,1,0,1,0,1,0,1,0,1
E5.12.1042,E5.12,medium_TE,43.74594345,Petropoulos2016,5.0,B,K07,1,1,0,1,0,0,0,0,0,1,0,0,0,0,0,1,0,0,0,0,0,0,0,1,0,1,0,0,1,0,1,1,0,0,1,1,1,0,0,0,0,1,0,0,0,0,0,0,0,1,0,0,1,0,0,1,0,0,1,0,1,0,0,0,1,1,1,1,1,0,0,0,0,1,0,0,1,0,1,1,0,1,0,1,0,0,0,0,1,0,1,1,0,0,0,0,1,1,0,1,0,0,1,1,1,0,0,1,1,0,0,1,0,1,0,1,0,1,0,1
E5.13.1767,E5.13,medium_TE,40.82947221,Petropoulos2016,5.0,B,K06,1,0,0,1,0,0,0,0,0,1,0,0,1,0,0,1,1,0,0,0,0,0,0,1,1,1,0,0,1,0,1,1,0,0,1,1,1,0,0,0,1,1,0,1,0,0,0,0,0,0,0,0,1,0,0,1,1,0,1,0,1,0,0,0,1,1,1,1,1,0,0,0,0,1,1,0,0,0,0,1,1,1,0,1,1,0,0,0,1,0,1,0,0,0,0,0,1,1,1,1,0,0,1,1,0,0,0,1,1,0,0,1,1,1,1,1,0,0,0,1
E5.16.1889,E5.16,medium_TE,42.22808967,Petropoulos2016,5.0,B,K07,1,1,0,0,0,0,0,0,0,1,0,0,0,0,0,1,1,0,0,0,0,0,0,1,0,1,0,0,1,0,1,1,0,1,1,0,1,0,0,0,1,1,0,0,0,0,1,0,0,0,0,0,1,0,0,1,0,0,0,0,0,0,0,0,1,0,1,0,1,0,0,0,0,1,0,0,0,0,0,0,1,1,0,1,0,0,0,0,1,0,1,0,1,0,1,0,0,1,1,1,1,0,1,1,0,0,0,1,0,0,0,1,1,0,0,0,0,0,0,1
E5.3.55,E5.3,medium_TE,45.38116089,Petropoulos2016,5.0,B,K06,1,1,0,0,0,0,0,0,0,1,0,0,0,0,0,1,1,0,0,0,0,0,0,1,1,1,0,0,1,0,1,1,0,0,1,0,1,0,0,0,1,1,1,1,0,0,0,0,0,1,0,0,1,0,0,1,0,1,1,0,1,0,0,0,1,1,1,1,1,0,0,0,0,1,0,0,0,0,1,1,1,1,0,1,0,0,0,0,1,0,1,0,0,0,1,0,1,1,1,1,0,0,1,1,0,0,0,1,1,0,0,0,1,1,1,1,0,1,0,1
E5.37.3234,E5.37,medium_TE,45.3501417,Petropoulos2016,5.0,B,K06,1,0,0,0,0,0,0,0,0,1,0,0,0,0,0,1,1,0,0,0,1,0,0,1,0,1,0,1,1,0,1,0,0,0,1,1,1,1,0,0,1,1,0,1,0,0,0,1,0,1,0,0,1,0,0,1,0,0,1,0,1,0,0,0,0,1,1,1,1,0,0,0,1,1,0,0,1,1,0,1,1,1,0,1,0,0,0,0,1,0,1,0,0,0,1,0,1,1,1,1,0,0,1,1,0,0,0,1,1,0,0,1,0,1,1,0,0,1,0,1
E5.37.3235,E5.37,medium_TE,43.36260872,Petropoulos2016,5.0,B,K06,1,0,0,1,0,0,0,1,0,1,0,0,0,1,0,1,1,0,0,0,0,0,0,1,1,1,0,0,1,0,1,1,0,0,1,0,1,0,0,0,0,1,0,1,0,0,0,0,1,1,0,0,1,0,0,1,1,0,1,0,1,0,0,0,1,1,1,1,1,0,0,0,0,1,1,0,1,1,0,1,0,1,0,1,0,0,0,0,1,0,1,1,0,0,1,0,1,1,1,1,0,0,1,1,1,0,0,1,1,0,1,1,0,1,1,1,0,1,0,1
E5.37.3237,E5.37,medium_TE,43.56511374,Petropoulos2016,5.0,B,K06,1,0,0,0,1,0,0,0,0,1,0,0,0,0,0,1,1,0,0,0,0,0,0,1,0,1,0,1,1,0,1,1,0,1,1,0,1,1,0,0,1,1,0,1,0,0,0,0,0,0,0,0,1,0,0,1,1,0,1,0,1,0,0,0,0,1,1,1,1,0,0,0,0,1,1,0,0,0,1,1,1,1,0,1,0,0,0,0,1,0,1,1,0,0,1,0,1,1,0,1,0,0,1,1,1,0,0,1,1,0,0,0,1,1,1,1,0,1,0,1
E6.1.72,E6.1,medium_TE,42.08381891,Petropoulos2016,6.0,B,K07,1,1,0,0,0,0,0,0,0,1,0,0,0,0,0,1,1,0,0,0,0,0,0,0,0,1,0,0,1,0,1,1,0,1,1,0,1,0,0,0,1,1,0,1,0,0,0,0,0,1,0,0,1,0,0,1,0,0,1,0,1,0,0,0,1,0,1,1,1,1,1,1,0,1,0,0,0,0,1,1,1,1,0,1,0,0,0,0,1,0,1,1,0,0,1,0,1,1,1,1,0,0,1,1,0,0,0,1,1,0,0,0,1,1,1,1,0,1,0,1
E6.1.78,E6.1,medium_TE,43.78112249,Petropoulos2016,6.0,B,K07,1,1,0,0,0,0,0,0,0,1,0,0,1,0,0,1,1,0,0,0,0,0,0,1,1,1,0,0,1,0,1,1,0,0,1,0,1,0,0,0,1,1,0,1,0,0,0,0,0,1,0,0,1,0,0,1,1,0,1,0,1,0,0,0,1,1,1,1,1,0,0,0,1,1,1,0,0,1,1,1,1,1,0,1,0,0,0,0,1,0,1,0,0,0,1,0,1,1,1,1,1,0,1,1,1,0,0,1,1,0,0,0,1,1,1,1,0,1,0,1
E6.1.80,E6.1,medium_TE,43.00108986,Petropoulos2016,6.0,B,K07,1,0,0,0,0,0,0,0,0,1,0,0,0,0,0,1,1,0,0,0,0,0,0,1,1,1,0,0,1,0,1,1,0,0,1,0,1,0,0,0,1,1,1,1,0,0,0,0,0,1,0,0,1,0,0,1,0,0,1,0,1,0,0,0,1,1,1,1,1,0,1,0,1,1,1,1,0,0,1,1,0,1,0,1,0,0,0,0,1,1,1,0,1,0,1,0,1,1,1,1,1,0,1,1,0,0,0,1,1,0,1,0,1,1,1,1,0,1,0,1
E6.1.82,E6.1,medium_TE,41.23858498,Petropoulos2016,6.0,B,K07,1,1,0,0,0,0,0,0,0,0,0,0,0,0,0,1,1,0,0,0,0,0,0,0,0,1,0,0,0,0,0,1,0,0,1,0,1,0,0,1,1,1,0,1,0,0,0,0,0,1,0,0,1,0,0,1,0,0,1,0,0,0,0,0,1,0,1,0,1,0,0,0,0,1,0,1,0,0,0,0,1,1,0,1,0,0,0,0,1,0,1,0,0,0,0,0,0,1,0,1,0,0,0,1,0,0,0,1,1,0,0,0,0,0,0,0,0,0,0,1
E6.1.83,E6.1,medium_TE,43.33467357,Petropoulos2016,6.0,B,K07,1,1,0,0,0,0,0,0,0,0,0,0,0,0,0,1,1,0,0,0,0,0,0,1,0,1,0,0,1,0,1,1,0,0,1,0,1,0,0,0,1,1,1,1,0,0,0,0,0,0,0,0,1,0,0,1,0,0,0,0,0,0,0,0,1,0,1,1,1,0,0,0,1,1,0,0,0,0,0,0,0,1,0,1,0,0,0,0,1,0,0,0,1,0,0,0,1,1,0,1,0,0,1,1,0,0,0,1,0,0,1,0,0,1,0,1,0,1,0,1
E6.1.84,E6.1,medium_TE,44.04138811,Petropoulos2016,6.0,B,K07,1,0,0,0,0,0,0,0,0,1,0,0,0,0,0,1,1,0,0,0,0,0,0,0,1,1,0,0,1,0,0,0,0,0,1,0,1,0,0,0,1,1,1,1,0,0,0,0,0,1,0,0,1,0,0,1,0,1,0,0,1,0,0,0,1,0,1,1,1,0,0,0,1,0,0,0,0,0,1,1,0,1,0,1,0,0,0,0,1,0,1,1,0,0,1,0,1,1,1,1,0,0,1,1,0,0,0,1,1,0,0,0,1,0,0,1,0,1,0,1
E6.1.88,E6.1,medium_TE,43.70828651,Petropoulos2016,6.0,B,K07,1,0,0,0,0,0,0,0,0,1,0,0,0,0,0,1,1,0,0,0,0,0,0,1,1,1,0,0,1,0,1,1,0,0,1,0,1,0,0,0,1,1,0,1,0,0,0,0,0,1,0,0,1,0,0,1,0,0,0,0,1,0,0,0,1,0,1,1,1,0,0,0,0,0,1,0,0,0,1,1,0,1,0,1,0,0,0,0,1,0,1,1,1,0,1,0,1,1,1,1,0,0,1,1,1,0,0,1,0,0,0,0,1,1,1,1,0,1,0,1
E6.11.1064,E6.11,medium_TE,52.94180055,Petropoulos2016,6.0,B,K08,1,1,0,1,0,0,0,0,0,1,0,0,0,0,0,1,1,0,0,0,0,0,1,1,1,1,0,0,1,0,1,1,0,0,1,0,1,0,0,1,0,1,1,1,1,0,0,0,0,1,0,0,1,0,0,1,0,1,1,0,1,0,0,0,1,1,1,1,1,0,0,0,0,1,1,1,0,0,0,1,1,1,0,1,0,0,0,0,1,0,1,1,1,0,1,0,1,1,0,1,0,0,1,1,1,0,0,1,1,1,0,0,1,0,0,0,0,1,1,1
E6.11.1065,E6.11,medium_TE,48.44136268,Petropoulos2016,6.0,B,K08,1,1,0,0,0,0,0,1,0,1,0,0,0,0,0,1,1,0,0,0,1,0,0,1,1,1,0,0,1,0,1,1,0,0,1,0,1,0,0,0,1,1,1,1,0,0,0,1,0,1,0,0,1,0,0,1,1,0,1,0,1,0,0,0,1,0,1,1,1,0,0,1,0,1,1,0,0,0,0,1,1,1,0,1,0,0,0,0,1,0,1,1,1,0,1,0,1,1,1,1,0,0,1,1,0,0,0,1,1,0,0,0,1,1,1,1,0,1,0,1
E6.11.1071,E6.11,medium_TE,45.41796612,Petropoulos2016,6.0,B,K08,1,1,0,0,0,0,0,0,0,1,0,0,0,0,0,0,1,0,0,0,0,0,0,1,0,1,0,0,1,0,0,0,0,0,0,0,1,0,0,0,1,1,1,0,0,0,0,0,0,0,0,0,1,0,0,1,1,0,0,0,0,0,0,0,0,0,1,0,1,0,0,0,1,0,0,0,0,0,0,0,0,1,0,1,0,0,0,0,1,0,1,0,0,0,1,0,0,1,0,1,0,0,1,1,0,0,0,1,0,0,0,0,0,1,1,0,0,1,0,1
E6.11.1074,E6.11,medium_TE,44.56718569,Petropoulos2016,6.0,B,K08,1,0,0,0,0,0,0,0,0,1,0,0,0,0,0,1,1,0,0,0,0,0,0,1,1,1,0,0,0,0,0,0,0,0,1,0,1,0,0,0,0,1,1,1,0,0,0,0,0,0,0,0,1,0,0,1,0,0,1,0,1,0,0,0,1,1,1,1,1,0,0,0,0,0,0,0,0,0,0,1,0,1,0,1,0,0,0,0,1,0,1,0,0,0,0,0,1,1,0,1,0,0,1,1,0,0,0,1,1,0,0,0,1,1,1,0,0,1,0,1
E6.11.1076,E6.11,medium_TE,45.41730821,Petropoulos2016,6.0,B,K08,1,1,0,0,1,0,0,0,0,1,0,0,0,0,0,1,1,0,0,0,0,0,0,1,1,1,0,0,1,0,1,1,0,0,1,0,1,0,0,0,1,1,1,1,0,0,0,0,0,1,0,0,1,0,1,1,0,0,1,0,1,0,0,0,1,1,1,1,1,0,0,0,1,1,1,0,0,0,0,1,1,1,0,1,0,0,0,0,1,0,1,1,0,0,1,0,1,1,0,1,0,0,1,1,0,0,0,1,1,0,1,0,1,1,1,1,0,1,0,1
E6.12.1266,E6.12,medium_TE,43.36089239,Petropoulos2016,6.0,B,K08,1,1,0,0,0,0,0,0,0,1,0,0,0,0,0,1,1,0,0,0,0,0,0,1,1,1,0,1,1,0,1,1,0,0,1,1,1,0,0,0,0,1,1,1,0,0,0,1,0,1,0,0,1,0,0,1,0,0,0,1,1,0,0,0,1,1,1,1,1,0,1,0,1,1,1,0,0,0,0,1,1,1,0,1,0,0,0,0,1,1,1,1,1,0,1,0,1,1,1,1,0,0,1,1,1,0,0,1,1,0,0,0,1,1,1,1,0,1,0,1
E6.12.1268,E6.12,medium_TE,43.76834234,Petropoulos2016,6.0,B,K08,1,1,0,0,0,0,0,0,0,1,0,0,0,1,0,1,1,0,0,0,0,0,0,1,1,1,0,0,1,0,1,1,0,1,1,1,1,0,0,0,1,1,1,1,0,0,0,0,1,1,0,0,1,0,0,1,1,0,1,0,1,0,0,0,1,1,1,1,1,0,1,1,1,1,1,0,0,0,0,1,1,1,0,1,0,0,0,0,1,0,1,1,1,0,1,0,1,1,1,1,0,0,1,1,0,0,0,1,1,0,1,0,0,1,1,1,0,1,0,1
E6.12.1272,E6.12,medium_TE,46.5094733,Petropoulos2016,6.0,B,K08,1,1,0,0,1,0,0,0,0,1,0,1,0,0,0,1,1,0,0,0,0,0,0,1,0,1,0,0,1,0,0,1,0,0,1,1,1,0,0,0,1,1,1,0,0,0,1,0,0,1,0,0,1,0,0,1,0,0,0,0,1,0,0,1,1,1,1,1,1,0,0,0,1,0,1,0,0,1,0,1,1,1,0,1,0,0,0,0,1,0,1,0,1,0,1,0,1,1,1,1,0,0,1,1,1,0,0,1,1,0,0,1,1,0,1,1,0,1,0,1
E6.12.1275,E6.12,medium_TE,47.19266556,Petropoulos2016,6.0,B,K08,1,1,0,0,0,0,0,0,0,1,0,0,0,1,0,1,1,0,0,0,0,0,0,1,1,1,0,0,1,0,1,1,0,0,1,0,1,0,0,0,1,1,1,1,0,0,0,1,0,1,0,0,1,0,0,1,0,0,0,0,1,1,0,0,1,1,1,1,1,0,0,0,1,1,1,0,0,0,0,1,1,1,0,1,0,0,0,0,1,1,1,1,1,0,1,0,1,1,1,1,0,0,1,1,0,0,0,1,1,0,1,0,1,1,1,1,0,1,0,1
E6.12.1276,E6.12,medium_TE,46.2010126,Petropoulos2016,6.0,B,K08,1,1,0,0,0,0,0,0,0,1,0,0,0,0,0,1,1,0,0,0,0,0,0,1,1,1,0,0,1,0,1,1,0,1,1,1,1,0,0,0,1,1,1,1,0,0,0,1,0,1,0,0,1,0,0,1,0,0,1,0,1,0,0,0,1,1,1,1,1,0,1,1,0,0,1,1,0,0,0,1,1,1,0,1,0,0,0,0,1,0,1,1,1,0,1,1,1,1,1,1,0,0,1,1,0,0,0,1,1,0,0,0,1,1,1,1,0,1,0,1
E6.12.1286,E6.12,medium_TE,45.73099846,Petropoulos2016,6.0,B,K08,1,1,0,0,1,0,0,0,0,1,1,1,0,0,0,1,1,0,0,0,0,0,0,1,1,1,0,0,1,0,1,1,0,0,1,0,1,0,0,0,0,1,1,1,0,0,1,1,0,0,0,0,1,0,0,1,0,0,1,0,1,0,0,0,1,1,1,0,1,0,1,0,1,1,1,0,0,0,0,1,0,1,0,1,0,0,0,0,1,0,1,0,1,0,1,1,1,1,0,1,0,0,1,1,1,1,0,1,1,0,0,0,0,1,1,1,0,1,0,1
E6.12.1287,E6.12,medium_TE,46.50401965,Petropoulos2016,6.0,B,K08,1,1,0,0,0,0,0,0,0,1,0,1,0,0,0,1,1,0,0,0,0,0,0,1,0,1,0,1,1,0,1,1,0,0,1,0,1,0,0,0,1,1,1,1,0,0,1,0,0,1,0,0,1,0,0,1,0,0,1,0,1,0,0,0,1,1,1,1,1,0,1,1,1,1,1,0,0,0,1,1,1,1,0,1,0,0,0,0,1,1,1,1,1,0,1,1,1,1,1,1,0,0,1,1,1,1,0,1,1,0,0,0,1,1,1,1,0,1,0,1
E6.12.1288,E6.12,medium_TE,48.7425711,Petropoulos2016,6.0,B,K08,1,1,0,0,1,0,0,1,0,1,0,1,0,0,0,1,1,0,0,0,0,0,0,1,1,1,0,0,1,0,1,1,0,0,1,0,1,0,0,0,1,1,1,1,0,0,1,0,0,1,0,0,1,0,0,1,0,0,1,0,1,0,0,0,1,1,1,1,1,0,1,0,1,1,1,0,0,0,0,1,1,1,0,1,0,1,0,0,1,1,1,1,0,0,1,0,1,1,1,1,1,0,1,1,0,1,0,1,1,0,0,1,1,1,1,1,0,1,0,1
E6.12.1290,E6.12,medium_TE,46.89720284,Petropoulos2016,6.0,B,K08,1,1,0,0,0,0,0,0,0,1,0,0,0,0,0,1,1,0,0,0,0,0,0,1,1,1,0,0,1,0,1,1,0,0,1,0,1,0,0,0,1,1,1,1,0,0,0,0,0,0,0,0,1,0,0,1,0,0,1,0,1,0,0,0,1,1,1,1,1,0,0,1,1,0,1,0,0,1,1,1,1,1,0,1,0,0,0,0,1,0,1,1,0,0,1,0,1,1,1,1,0,0,1,1,0,1,0,1,1,0,1,0,1,1,1,1,0,1,0,1
E6.12.1291,E6.12,medium_TE,46.12734144,Petropoulos2016,6.0,B,K08,1,0,0,0,0,0,0,0,0,1,0,0,0,0,0,1,1,0,0,0,0,0,0,1,1,1,0,0,1,0,1,1,0,0,1,1,1,0,0,0,1,1,1,1,0,0,0,0,0,1,0,0,1,0,0,1,1,0,1,0,1,0,0,0,1,1,1,1,1,0,0,0,0,0,1,0,0,0,0,1,0,1,0,1,0,0,0,0,1,0,1,1,1,0,1,0,1,1,0,1,0,0,1,1,0,0,0,1,0,0,0,0,0,1,1,1,0,1,0,1
E6.12.1292,E6.12,medium_TE,45.78618191,Petropoulos2016,6.0,B,K08,1,1,0,0,1,0,0,0,0,1,0,0,0,0,0,0,1,0,0,0,0,0,0,1,0,1,0,0,1,0,0,1,0,0,0,0,1,0,0,0,0,1,0,1,1,0,0,0,0,1,0,0,1,0,0,1,0,1,1,0,1,0,0,0,1,1,1,1,1,0,0,1,1,0,1,0,1,0,0,1,1,1,0,1,0,0,0,0,1,0,1,1,0,0,1,0,1,1,1,1,0,1,1,1,0,0,0,1,1,0,1,0,0,1,1,1,0,1,0,1
E6.12.1293,E6.12,medium_TE,45.86366793,Petropoulos2016,6.0,B,K08,1,1,0,0,0,0,0,0,0,1,0,0,0,0,0,1,1,0,0,0,0,0,0,1,1,1,0,0,1,0,1,1,0,0,1,0,1,0,0,0,1,1,1,1,0,0,0,0,0,1,0,0,1,0,0,1,0,0,1,0,1,0,0,0,1,1,1,1,1,0,0,0,1,0,1,0,0,0,0,1,1,1,0,1,0,0,0,0,1,1,1,1,1,0,1,0,1,1,0,1,0,0,1,1,1,1,0,1,1,0,0,1,1,1,1,1,0,1,0,1
E6.12.1294,E6.12,medium_TE,45.70935087,Petropoulos2016,6.0,B,K08,1,1,0,0,0,0,0,0,0,1,0,0,0,0,0,1,1,0,0,0,0,0,0,1,0,1,0,0,1,0,1,0,0,0,1,0,1,0,0,0,1,1,1,1,0,0,0,1,0,1,0,0,1,0,0,1,0,0,0,0,1,0,0,0,1,1,1,0,1,0,0,0,1,0,1,0,1,0,0,1,1,1,0,1,0,0,0,0,1,0,1,1,0,0,1,0,0,1,1,1,0,0,1,1,0,0,0,1,1,0,0,0,0,1,0,1,0,1,0,1
E6.12.1295,E6.12,medium_TE,47.59942105,Petropoulos2016,6.0,B,K08,1,1,0,0,0,0,0,0,0,1,0,0,0,0,0,1,1,0,0,0,0,0,0,1,1,1,0,0,1,0,1,1,0,0,0,0,1,0,0,0,1,1,0,1,0,0,0,0,0,0,0,0,1,0,0,1,0,0,0,0,0,0,0,0,1,1,1,1,1,0,0,0,0,1,1,0,1,0,1,0,1,1,0,1,0,0,0,0,1,0,1,0,1,0,1,0,1,1,0,1,0,0,1,1,0,0,0,1,1,0,0,0,1,1,1,1,0,1,0,1
E6.12.1296,E6.12,medium_TE,45.79317898,Petropoulos2016,6.0,B,K08,0,0,0,0,0,0,0,0,0,1,0,0,0,0,0,0,1,0,0,0,0,0,0,0,0,1,0,0,1,0,1,1,0,0,0,0,1,0,0,0,0,1,0,1,0,0,0,0,0,0,0,0,1,0,0,1,0,0,1,0,1,0,0,0,1,0,1,1,1,0,0,0,0,0,1,0,0,0,0,0,0,1,0,0,0,0,0,0,1,0,1,1,0,0,1,0,0,1,0,1,1,0,1,1,0,0,0,1,0,0,0,0,1,1,1,0,0,0,0,1
E6.12.1485,E6.12,medium_TE,46.15549416,Petropoulos2016,6.0,B,K08,1,1,0,0,1,0,0,0,0,1,0,0,1,1,0,1,1,0,0,0,0,0,0,1,1,1,0,0,1,0,1,1,0,0,1,0,1,0,0,0,1,1,1,1,0,0,1,1,0,1,0,0,1,0,0,1,0,1,0,0,0,0,0,0,1,1,1,1,1,0,1,0,0,1,1,1,0,0,0,1,1,1,0,1,0,0,0,0,1,1,1,1,0,0,1,0,1,1,1,1,0,0,1,1,0,0,0,1,1,0,0,1,1,1,1,1,0,1,0,1
E6.12.1488,E6.12,medium_TE,45.75029153,Petropoulos2016,6.0,B,K08,1,1,0,0,0,0,0,0,0,1,0,0,0,0,0,1,1,0,0,0,0,0,0,1,1,1,0,0,1,0,1,1,0,0,1,0,1,0,0,0,1,1,1,1,0,0,1,0,0,1,0,0,1,0,0,1,0,0,0,0,1,0,0,0,1,1,1,1,1,0,0,1,1,0,1,0,0,1,1,1,1,1,0,1,0,0,0,0,1,1,1,1,0,0,1,0,1,1,1,1,0,0,1,1,0,0,0,1,1,0,0,0,1,1,1,1,0,1,0,1
E6.13.1362,E6.13,medium_TE,45.35961976,Petropoulos2016,6.0,B,K09,1,1,0,0,0,0,0,0,0,1,0,0,0,0,0,1,1,0,0,0,0,0,0,1,1,1,0,0,1,0,1,1,0,0,1,0,1,0,0,0,1,1,1,1,0,0,0,1,0,1,0,0,1,0,0,1,1,0,1,0,1,0,0,0,1,1,1,1,1,0,0,1,1,0,1,0,0,0,0,1,1,1,0,1,0,0,0,0,1,1,1,0,0,0,1,0,0,1,1,1,0,0,1,1,0,0,0,1,1,0,0,0,1,1,1,1,0,1,0,1
E6.13.1363,E6.13,medium_TE,47.16404343,Petropoulos2016,6.0,B,K09,1,1,0,0,0,0,0,0,0,1,0,0,0,1,0,1,1,0,0,0,0,0,0,1,1,1,0,0,1,0,1,1,0,0,1,0,1,0,0,0,1,1,1,1,0,0,0,0,0,1,0,0,1,0,0,1,0,0,1,0,1,0,0,0,1,1,1,1,1,0,0,0,1,1,1,0,0,0,0,1,1,1,0,1,0,0,0,0,1,1,1,0,0,0,1,0,1,1,1,1,0,0,1,1,0,0,0,1,1,0,0,0,1,1,1,1,0,1,0,1
E6.13.1364,E6.13,medium_TE,46.29627055,Petropoulos2016,6.0,B,K09,1,1,0,1,0,0,0,0,0,1,0,0,0,0,0,1,1,0,0,0,0,0,0,1,1,1,0,0,1,0,1,1,0,0,1,0,1,0,0,0,1,1,1,1,0,0,0,1,0,1,1,0,1,0,0,1,0,0,1,0,1,0,0,0,1,1,1,1,1,0,1,1,1,0,1,0,0,0,0,1,1,1,0,1,0,0,0,0,1,1,1,1,1,0,1,0,1,1,1,1,0,0,1,1,0,1,0,1,1,0,1,0,1,1,1,1,0,1,0,1
E6.13.1365,E6.13,medium_TE,45.77973371,Petropoulos2016,6.0,B,K09,1,1,0,0,0,0,0,0,0,1,0,0,0,0,0,1,1,0,0,0,0,0,0,1,1,1,0,0,1,0,1,1,0,0,1,1,1,0,0,0,1,1,1,1,0,0,0,0,0,1,0,0,1,0,0,1,0,0,0,0,1,0,0,0,1,1,1,1,1,0,0,0,1,1,1,0,0,0,0,1,1,1,0,1,0,0,0,0,1,0,1,0,0,0,1,0,1,1,1,1,0,0,1,1,0,0,0,1,1,0,0,0,1,1,1,1,0,1,1,1
E6.13.1366,E6.13,medium_TE,45.79532136,Petropoulos2016,6.0,B,K09,1,1,0,0,0,0,0,0,0,1,0,0,0,0,0,1,1,0,0,0,0,0,0,1,1,1,0,0,1,0,1,1,0,0,1,0,1,0,0,0,1,1,1,1,0,0,0,1,0,1,0,0,1,0,0,1,0,0,1,1,1,0,0,0,1,1,1,1,1,0,1,1,1,1,1,0,1,0,1,1,1,1,0,1,0,0,0,0,1,0,1,0,1,0,1,0,1,1,1,1,0,0,1,1,1,0,0,1,1,0,0,0,1,1,1,1,0,1,0,1
E6.13.1367,E6.13,medium_TE,45.19104732,Petropoulos2016,6.0,B,K09,1,1,0,0,0,0,0,0,0,1,0,0,0,0,0,1,1,0,0,0,0,0,0,1,1,1,0,0,1,0,1,1,0,0,1,1,1,0,0,0,1,1,1,1,0,0,0,0,0,1,0,0,1,0,0,1,0,0,1,0,1,0,0,0,1,1,1,1,1,0,1,1,1,0,1,0,0,0,1,1,1,1,0,1,0,0,0,0,1,1,1,0,1,0,1,0,1,1,1,1,0,0,1,1,0,0,0,1,1,0,0,0,1,1,1,1,0,1,0,1
E6.13.1368,E6.13,medium_TE,45.76510348,Petropoulos2016,6.0,B,K09,1,1,0,1,0,0,0,0,0,1,0,0,0,0,0,1,1,0,0,0,0,0,0,1,0,1,0,0,1,0,1,1,0,1,1,0,1,0,0,0,1,1,1,1,0,0,0,0,0,0,0,0,1,0,0,1,0,0,0,0,1,0,0,1,1,1,1,1,1,0,1,0,1,0,1,0,0,0,0,1,1,1,0,1,0,0,0,0,1,0,1,1,1,0,1,0,1,1,1,1,0,0,1,1,0,0,0,1,1,0,0,0,1,1,1,1,0,1,0,1
E6.13.1369,E6.13,medium_TE,44.59511339,Petropoulos2016,6.0,B,K09,1,1,0,1,0,0,0,0,0,1,0,0,0,0,0,1,1,0,0,0,0,0,0,1,1,1,0,0,1,0,1,1,0,0,1,0,1,0,0,0,1,1,1,1,0,0,0,0,1,1,0,0,1,0,0,1,0,0,0,0,1,0,0,0,1,1,1,1,1,0,1,0,1,0,1,0,0,0,0,1,1,1,0,1,0,0,0,0,1,1,1,0,0,0,1,0,1,1,1,1,0,0,1,1,0,0,0,1,1,0,0,0,0,0,1,1,0,1,0,1
E6.13.1370,E6.13,medium_TE,46.15065006,Petropoulos2016,6.0,B,K09,1,0,0,0,0,0,0,0,0,1,0,0,0,0,0,1,0,0,0,1,0,0,0,1,0,1,0,0,1,0,1,0,0,0,1,0,1,0,0,0,0,1,0,1,0,0,0,0,0,0,0,0,1,0,0,1,0,0,1,0,1,0,0,0,0,1,1,1,1,0,0,0,1,0,1,0,0,0,1,1,0,1,0,1,0,0,0,0,1,1,1,0,0,0,1,0,0,1,1,1,0,0,1,1,0,0,0,1,1,0,0,0,1,1,1,1,0,1,0,1
E6.13.1371,E6.13,medium_TE,45.40990231,Petropoulos2016,6.0,B,K09,1,0,0,1,0,1,0,0,0,1,0,0,0,0,0,0,1,0,0,0,0,0,0,1,1,1,0,0,1,0,1,0,0,0,0,0,1,0,0,1,1,1,0,1,0,0,0,0,0,0,0,0,1,0,0,1,0,0,0,0,0,0,0,0,0,0,1,0,1,0,0,1,1,1,1,0,0,0,0,0,0,1,0,0,0,0,0,0,1,0,1,0,0,0,1,0,0,1,1,1,0,0,1,1,0,0,0,1,1,0,0,0,1,0,0,0,0,1,0,1
E6.13.1372,E6.13,medium_TE,46.12456421,Petropoulos2016,6.0,B,K09,1,0,0,0,0,0,0,0,0,1,0,0,0,0,0,1,1,0,0,0,0,0,0,1,1,1,0,0,1,0,1,0,0,0,1,0,1,0,0,1,1,1,0,1,0,0,0,0,0,1,0,0,1,0,0,1,0,0,0,0,1,0,0,0,1,1,1,0,1,0,0,0,0,0,1,0,0,0,0,0,0,1,0,0,0,0,0,0,1,0,1,1,0,0,1,0,1,1,0,1,0,0,1,1,0,0,0,1,0,0,1,0,0,1,1,1,0,1,0,1
E6.13.1373,E6.13,medium_TE,46.15993592,Petropoulos2016,6.0,B,K09,1,1,0,0,0,0,0,0,0,1,0,0,0,0,0,1,1,0,0,0,0,0,0,1,1,1,0,0,1,0,1,1,0,1,1,0,1,0,0,0,1,1,1,1,0,0,0,0,0,0,0,0,1,0,0,1,1,0,0,0,1,0,0,0,1,1,1,1,1,0,0,0,1,0,1,0,0,1,0,1,1,1,0,1,0,1,0,0,1,0,1,1,0,0,1,0,1,1,1,1,0,0,1,1,0,0,0,1,1,0,1,0,0,1,1,1,0,1,0,1
E6.13.1374,E6.13,medium_TE,47.29410361,Petropoulos2016,6.0,B,K09,1,1,0,0,0,0,0,0,0,1,0,1,0,1,0,1,1,0,0,0,0,0,0,1,1,1,0,0,1,0,1,1,0,1,1,0,1,0,0,0,1,1,1,1,0,0,1,1,0,1,0,0,1,0,0,1,0,0,1,0,1,0,0,1,1,1,1,1,1,0,1,1,1,1,1,0,0,0,1,1,1,1,0,1,0,0,0,0,1,1,1,1,1,0,1,0,1,1,1,1,0,0,1,1,0,0,0,1,1,0,1,0,1,1,1,1,0,1,0,1
E6.13.1375,E6.13,medium_TE,47.62002328,Petropoulos2016,6.0,B,K09,1,1,0,0,0,0,0,0,0,1,0,1,0,0,0,1,1,0,0,0,0,0,0,1,0,1,0,0,1,0,1,0,0,0,1,0,1,0,0,0,1,1,1,1,0,0,0,0,0,1,0,0,1,0,0,1,0,0,1,0,1,0,0,0,1,1,1,1,1,0,0,0,1,0,0,0,0,0,0,1,0,1,0,1,0,0,0,0,1,0,1,1,0,0,1,0,1,1,1,1,0,0,1,1,0,0,0,1,1,0,0,0,1,1,1,1,0,1,0,1
E6.13.1376,E6.13,medium_TE,46.91307626,Petropoulos2016,6.0,B,K09,1,1,0,0,0,0,0,0,0,1,0,0,0,0,0,1,1,0,0,0,0,0,0,1,1,1,0,0,1,0,1,1,0,0,1,0,1,1,0,0,1,1,1,1,0,0,1,0,0,0,0,0,1,0,1,1,1,0,1,0,1,0,0,0,1,1,1,1,1,0,0,0,1,0,0,0,1,1,0,1,1,1,0,1,0,0,0,0,1,0,1,1,0,0,1,0,1,1,0,1,0,0,1,1,1,0,0,1,1,0,0,0,0,1,1,1,0,1,0,1
E6.13.1385,E6.13,medium_TE,45.70880263,Petropoulos2016,6.0,B,K09,1,0,0,0,0,0,0,0,0,0,0,0,0,0,0,0,0,0,0,0,0,0,0,1,1,1,0,0,1,0,0,1,0,0,0,0,1,0,0,0,0,1,0,1,0,0,0,0,0,1,0,0,1,0,0,0,0,0,0,0,1,0,0,0,1,0,1,0,1,0,0,0,0,0,0,0,0,0,0,0,0,1,0,0,0,0,0,0,1,0,1,0,0,0,0,0,0,1,0,0,0,0,1,1,0,0,0,1,0,0,0,0,0,0,0,0,0,1,0,0
E6.14.1412,E6.14,medium_TE,50.44077687,Petropoulos2016,6.0,B,K09,1,1,0,1,0,0,0,0,0,1,0,0,0,0,0,1,1,0,0,0,0,0,0,1,1,1,0,0,1,0,1,1,0,0,1,0,1,0,0,0,1,1,0,1,0,0,0,1,0,1,0,0,1,0,1,1,0,0,0,0,0,0,0,0,1,1,1,1,1,0,0,0,1,1,0,0,0,0,1,0,1,1,0,1,0,0,0,0,1,0,1,0,1,0,1,0,1,1,1,1,0,0,1,1,1,1,0,1,1,0,0,1,1,1,1,1,0,1,0,1
E6.14.1413,E6.14,medium_TE,49.34599574,Petropoulos2016,6.0,B,K09,1,1,0,1,1,0,0,0,0,1,0,0,0,0,0,1,1,0,0,0,0,0,0,1,1,1,0,0,1,0,1,1,0,0,1,0,1,0,0,0,1,1,0,1,0,0,0,1,0,1,0,0,1,0,0,1,0,0,0,0,1,0,0,0,1,1,1,1,1,0,1,0,0,1,1,0,1,0,0,1,1,1,0,1,0,0,0,0,1,0,1,0,0,0,1,0,1,1,1,1,0,0,1,1,0,1,0,1,1,0,0,0,1,1,1,1,0,1,0,1
E6.14.1425,E6.14,medium_TE,49.73401911,Petropoulos2016,6.0,B,K09,1,1,0,0,0,0,0,0,0,1,0,0,0,0,0,1,1,0,0,0,0,0,0,1,1,1,0,0,1,0,1,1,0,0,1,0,1,0,0,0,1,1,0,1,0,0,1,0,0,1,0,0,1,0,0,1,0,1,0,0,1,0,0,0,1,1,1,1,1,0,0,0,1,1,0,0,1,0,0,1,1,1,0,1,0,0,0,0,1,1,1,0,0,0,1,0,1,1,1,1,0,0,1,1,0,0,0,1,1,0,0,1,1,1,1,0,0,1,0,1
E6.14.1428,E6.14,medium_TE,49.39186532,Petropoulos2016,6.0,B,K09,1,1,0,0,1,0,0,0,0,1,0,0,0,0,0,1,1,0,0,0,0,0,0,1,1,1,0,0,1,0,1,1,0,0,1,0,1,0,0,0,1,1,1,1,0,0,1,0,0,1,0,0,1,0,0,1,0,0,1,0,1,0,0,0,1,1,1,1,1,0,0,0,1,0,0,0,0,0,1,1,1,1,0,1,0,0,0,0,1,0,1,1,0,0,1,1,1,1,0,1,0,0,1,1,1,0,1,1,1,0,0,1,1,1,1,1,0,1,0,1
E6.14.1431,E6.14,medium_TE,51.7299266,Petropoulos2016,6.0,B,K09,1,1,0,0,0,0,0,0,0,1,0,0,0,0,0,0,1,0,0,0,0,0,0,1,0,1,0,0,1,0,1,1,0,1,1,0,1,0,0,0,1,1,0,1,0,0,0,0,0,1,0,0,1,0,0,1,0,0,0,0,1,0,0,0,1,1,1,1,1,0,0,0,1,0,1,0,0,0,1,1,0,1,0,1,0,0,0,0,1,0,1,0,0,0,1,0,1,1,0,1,0,0,1,1,0,1,0,1,1,0,0,0,0,1,0,0,0,1,0,1
E6.14.1432,E6.14,medium_TE,50.51315042,Petropoulos2016,6.0,B,K09,1,1,0,0,0,0,0,0,0,1,0,1,0,0,0,1,1,0,0,0,0,0,0,1,1,1,0,0,1,0,1,1,0,1,1,0,1,0,0,1,1,1,1,1,0,0,1,1,0,1,0,0,1,0,0,1,0,0,1,1,1,0,0,0,1,1,1,1,1,0,0,0,1,0,1,0,0,0,1,1,0,1,0,1,0,1,0,0,1,0,1,1,0,0,1,0,1,1,1,1,0,0,1,1,1,1,0,1,1,0,0,0,1,1,0,1,0,1,0,1
E6.15.1434,E6.15,medium_TE,47.60121819,Petropoulos2016,6.0,B,K08,1,1,0,1,1,0,0,0,0,1,0,0,0,0,0,1,1,0,0,0,0,1,0,1,1,1,0,0,1,0,1,1,0,0,1,0,1,0,0,0,1,1,1,1,0,0,1,0,0,1,0,0,1,0,0,1,1,0,0,0,1,0,0,0,1,1,1,1,1,0,0,0,1,1,1,0,1,1,1,1,0,1,0,1,0,0,0,0,1,1,1,1,1,0,1,0,1,1,1,1,0,0,1,1,0,1,0,1,1,0,0,1,1,1,1,1,0,1,0,1
E6.15.1435,E6.15,medium_TE,45.73931669,Petropoulos2016,6.0,B,K08,1,1,0,0,0,0,0,0,0,1,0,0,0,0,0,1,1,0,0,0,0,0,0,1,1,1,0,1,1,0,1,0,0,0,1,0,1,0,0,0,1,1,1,1,0,0,1,0,0,0,0,0,1,0,0,1,0,0,1,0,1,0,0,0,0,1,1,1,1,0,0,1,1,0,1,0,0,0,0,0,0,1,0,1,0,0,0,0,1,0,1,0,1,0,0,0,0,1,1,1,0,0,1,1,0,0,0,1,1,0,0,0,0,1,1,1,0,1,0,1
E6.15.1436,E6.15,medium_TE,45.74278473,Petropoulos2016,6.0,B,K08,1,1,0,1,0,0,0,0,0,1,0,0,0,0,0,1,1,0,0,0,0,0,0,1,1,1,0,0,1,0,1,1,0,0,1,0,1,0,0,0,1,1,0,1,0,0,0,1,0,1,0,1,1,0,0,1,1,0,1,0,1,0,0,1,1,1,1,1,1,0,0,0,1,1,1,0,1,0,1,1,0,1,0,1,0,0,0,0,1,0,1,1,0,0,1,0,1,1,1,1,0,0,1,1,1,0,0,1,1,0,1,0,1,1,1,1,0,1,0,1
E6.15.1437,E6.15,medium_TE,45.46634241,Petropoulos2016,6.0,B,K08,1,0,0,0,0,0,0,0,0,1,0,0,0,0,0,1,1,0,0,0,0,0,0,1,1,1,0,0,1,0,1,1,0,0,1,1,1,0,0,0,1,1,1,1,0,0,0,0,0,1,0,0,1,0,0,1,0,0,0,0,1,0,0,0,0,1,1,1,1,0,0,0,0,0,1,0,0,0,1,0,0,1,0,1,0,0,0,0,1,0,1,0,1,0,1,0,1,1,0,1,0,0,1,1,0,0,0,1,1,0,0,0,1,1,1,1,0,1,0,1
E6.15.1438,E6.15,medium_TE,45.74218623,Petropoulos2016,6.0,B,K08,1,1,0,0,0,0,0,0,0,1,0,0,0,0,0,1,1,0,0,0,0,0,0,1,1,1,0,0,1,0,1,1,0,1,1,0,1,0,0,0,1,1,1,1,0,0,0,1,0,1,0,0,1,0,0,1,0,0,0,0,1,0,0,0,1,1,1,1,1,0,0,1,1,1,1,0,1,0,1,0,0,1,0,1,0,0,0,0,1,0,1,0,0,0,1,0,1,1,0,1,0,0,1,1,1,0,0,1,1,0,0,0,1,1,1,1,0,1,0,1
E6.15.1439,E6.15,medium_TE,45.76366707,Petropoulos2016,6.0,B,K08,1,1,0,0,0,0,0,0,1,1,0,0,0,0,0,1,1,0,0,0,0,0,0,1,1,1,0,0,1,0,1,1,0,0,1,0,1,0,1,0,1,1,1,1,0,0,0,0,0,1,0,0,1,0,0,1,1,0,0,0,0,0,0,0,1,1,1,1,1,0,0,0,1,1,1,0,0,0,1,1,0,1,0,1,0,0,0,0,1,1,1,0,1,0,1,0,1,1,1,1,0,0,1,1,0,0,0,1,1,0,1,0,1,1,1,1,0,1,0,1
E6.15.1441,E6.15,medium_TE,45.32855229,Petropoulos2016,6.0,B,K08,1,1,0,0,0,0,0,0,0,1,0,0,0,0,0,1,1,0,0,0,0,0,0,1,1,1,0,0,1,0,1,1,0,0,1,0,1,0,0,0,1,1,1,1,0,0,1,0,0,1,0,0,1,0,0,1,0,0,1,0,1,0,0,0,1,1,1,0,1,0,0,0,1,0,0,0,0,0,1,0,0,1,0,1,0,0,0,0,1,0,1,0,0,0,1,0,1,1,1,1,0,0,1,1,0,0,0,1,1,0,0,0,0,1,1,1,0,1,0,1
E6.15.1442,E6.15,medium_TE,44.59838073,Petropoulos2016,6.0,B,K08,0,1,0,0,0,0,0,0,0,1,0,0,0,0,0,1,1,0,0,0,0,0,0,0,1,1,0,1,1,0,1,0,0,0,1,0,1,0,0,0,0,1,0,1,0,0,0,0,0,1,0,0,1,0,0,1,0,0,0,0,0,0,0,0,1,1,1,0,1,0,0,0,0,0,1,0,0,0,0,1,0,1,0,1,0,0,0,0,1,0,1,0,0,0,1,0,1,1,0,1,0,0,1,1,0,0,0,1,1,0,0,0,1,1,0,0,0,1,0,1
E6.15.1443,E6.15,medium_TE,44.9351713,Petropoulos2016,6.0,B,K08,1,1,0,0,1,0,0,0,0,1,0,0,0,0,0,1,1,0,0,0,0,0,0,1,1,1,0,0,1,0,0,1,0,0,1,0,1,0,0,0,1,1,0,1,0,0,0,0,0,1,0,0,1,0,0,1,0,0,0,0,1,1,0,0,1,1,1,1,1,0,0,0,1,0,0,0,0,0,0,1,0,1,0,1,0,0,0,0,1,1,1,0,0,0,1,0,1,1,1,1,0,0,1,1,0,0,0,1,1,0,0,0,1,1,1,1,0,1,0,1
E6.15.1445,E6.15,medium_TE,44.55872413,Petropoulos2016,6.0,B,K08,1,1,0,0,0,0,0,0,0,1,0,0,0,0,0,1,0,0,0,0,0,0,0,1,1,1,0,0,1,0,0,0,0,1,1,0,1,0,0,0,0,1,1,1,0,0,0,0,0,0,0,0,1,0,0,1,0,0,0,0,0,0,0,0,1,1,1,1,1,0,0,0,0,0,1,0,0,0,0,0,0,1,0,1,0,0,0,0,1,0,1,0,0,0,1,0,0,1,0,1,0,0,1,1,0,0,0,1,0,0,0,0,0,1,0,1,0,1,0,1
E6.15.1447,E6.15,medium_TE,45.34349151,Petropoulos2016,6.0,B,K08,1,1,0,0,0,0,0,0,0,1,0,0,0,0,0,1,1,0,0,0,0,0,0,1,1,1,0,0,1,0,1,1,0,0,1,0,1,0,0,0,1,1,1,1,0,0,1,0,0,1,0,0,1,0,0,1,0,0,0,0,1,0,0,0,0,1,1,0,1,0,0,0,0,0,0,0,0,0,1,1,0,1,0,1,0,0,0,0,1,0,1,1,1,0,1,0,0,1,0,1,0,0,1,1,1,0,0,1,1,0,0,0,1,1,0,1,0,1,0,1
E6.15.1450,E6.15,medium_TE,45.38482504,Petropoulos2016,6.0,B,K08,1,1,0,0,0,0,0,0,0,1,0,0,0,0,0,1,1,0,0,0,0,0,0,1,0,1,0,0,1,0,1,1,0,0,1,0,1,0,0,0,0,1,1,1,0,0,1,0,0,1,0,0,1,0,0,1,1,0,1,0,1,0,0,0,0,1,1,1,1,1,0,0,1,1,0,0,0,0,1,1,1,1,0,1,0,0,0,0,1,0,1,1,1,0,1,0,1,1,0,1,1,0,1,1,0,0,0,1,1,0,0,0,1,1,1,1,0,1,0,1
E6.15.1451,E6.15,medium_TE,44.98103404,Petropoulos2016,6.0,B,K08,1,1,0,0,0,0,0,0,0,1,0,0,0,0,0,1,1,0,0,0,0,0,0,1,1,1,0,0,1,0,1,1,0,0,1,0,1,0,0,1,0,1,1,1,0,0,1,0,0,1,0,0,1,0,0,1,0,0,0,0,0,0,0,0,1,1,1,1,1,0,0,0,1,0,1,0,0,0,0,0,1,1,0,1,0,0,0,0,1,0,1,1,0,0,0,0,1,1,0,1,0,0,1,1,0,0,0,1,1,0,0,0,0,1,1,1,0,1,0,1
E6.15.1453,E6.15,medium_TE,45.00913183,Petropoulos2016,6.0,B,K08,1,0,0,1,0,0,0,0,0,1,0,0,0,0,0,1,0,0,0,0,0,0,0,0,0,1,0,0,1,0,1,1,0,0,1,0,1,0,0,0,0,1,1,1,0,0,0,0,0,0,0,0,1,0,0,1,0,0,0,0,0,0,0,0,1,1,1,0,1,0,0,0,1,1,1,0,0,0,0,0,0,1,0,1,0,0,0,0,1,0,1,0,0,0,1,0,0,1,0,1,0,0,1,1,0,0,0,1,1,0,0,0,1,1,0,0,0,1,0,1
E6.15.1454,E6.15,medium_TE,43.06904143,Petropoulos2016,6.0,B,K08,1,1,0,0,0,0,0,0,0,1,0,0,0,0,0,1,1,0,0,0,0,0,1,1,0,1,0,0,1,0,1,0,0,1,1,0,1,0,0,0,1,1,0,1,0,0,0,0,0,1,0,0,1,0,0,1,1,0,0,0,1,0,0,0,1,1,1,1,1,0,1,0,0,0,0,0,0,1,0,1,0,1,0,1,0,0,0,0,1,0,1,1,1,0,1,1,1,1,0,1,0,0,1,1,0,0,0,1,1,0,0,0,1,1,1,1,0,1,0,1
E6.15.1455,E6.15,medium_TE,43.00840508,Petropoulos2016,6.0,B,K08,1,1,0,0,0,0,0,0,0,1,0,0,0,0,1,1,1,0,0,0,0,0,0,0,0,1,0,0,1,0,0,0,0,1,1,1,1,0,0,0,1,1,1,1,0,0,1,0,0,0,0,0,1,0,0,1,0,0,0,0,0,0,0,0,1,1,1,1,1,0,0,0,0,0,1,0,0,0,1,1,0,1,0,1,1,0,0,0,1,0,1,0,0,0,1,0,0,1,1,1,1,0,1,1,0,0,0,1,1,0,0,1,1,1,1,0,0,1,0,1
E6.15.1457,E6.15,medium_TE,46.13894648,Petropoulos2016,6.0,B,K08,1,1,0,0,1,0,0,0,0,1,0,0,0,0,0,1,1,0,0,0,0,0,0,1,1,1,0,0,1,0,1,0,0,0,1,1,1,0,0,0,1,1,1,1,0,0,0,1,0,1,0,0,1,0,0,1,0,0,1,0,1,0,0,0,1,1,1,1,1,0,0,1,0,1,0,0,0,0,1,1,1,1,0,1,0,0,0,0,1,1,1,1,0,0,1,0,1,1,0,1,0,0,1,1,1,0,0,1,1,1,0,0,1,1,1,1,0,1,0,1
E6.15.1458,E6.15,medium_TE,46.10120951,Petropoulos2016,6.0,B,K08,1,1,0,1,1,0,0,0,0,1,0,0,0,0,0,1,1,0,0,0,0,0,0,1,1,1,0,1,1,0,1,1,0,0,1,1,1,0,0,0,1,1,1,1,0,0,0,1,0,1,0,0,1,0,0,1,1,0,0,0,1,0,0,1,1,1,1,1,1,0,0,0,1,1,1,0,0,0,1,1,1,1,0,1,0,0,0,0,1,1,1,1,1,0,1,0,1,1,1,1,0,0,1,1,1,0,0,1,1,0,1,0,1,1,1,1,1,1,0,1
E6.15.1460,E6.15,medium_TE,46.27170885,Petropoulos2016,6.0,B,K08,1,1,0,0,0,0,0,0,0,1,0,0,0,0,0,1,1,0,0,0,0,0,0,1,1,1,0,0,1,0,1,1,0,0,1,1,1,0,0,1,1,1,1,1,0,0,0,0,0,1,0,0,1,0,0,1,1,0,0,0,1,0,0,0,1,1,1,1,1,0,1,0,1,1,1,1,0,0,1,1,0,1,0,1,0,0,0,0,1,0,1,0,1,0,1,0,1,1,1,1,0,0,1,1,1,0,0,1,1,0,1,0,1,1,1,1,0,1,0,1
E6.15.1461,E6.15,medium_TE,45.79694802,Petropoulos2016,6.0,B,K08,1,1,0,0,1,0,0,0,0,1,0,0,0,0,0,1,1,0,0,0,0,0,0,1,1,1,0,0,1,0,1,1,0,0,1,0,1,0,0,0,1,1,1,1,0,0,0,0,0,1,0,0,1,0,0,1,0,0,1,0,1,0,0,0,1,1,1,1,1,0,1,0,1,1,1,0,0,0,1,1,0,1,0,1,0,0,0,0,1,1,1,0,1,0,1,0,1,1,1,1,0,0,1,1,1,0,0,1,1,1,0,0,1,1,1,1,0,1,0,1
E6.15.1462,E6.15,medium_TE,46.12807355,Petropoulos2016,6.0,B,K08,1,1,0,0,0,0,0,0,0,1,0,0,0,0,0,1,1,0,0,0,0,0,0,1,1,1,0,0,1,0,1,1,0,0,1,0,1,0,0,0,1,1,1,1,0,0,0,1,0,1,0,0,1,0,0,1,0,0,1,0,1,0,0,1,1,1,1,1,1,0,1,1,1,1,1,0,0,0,1,1,1,1,0,1,0,0,0,0,1,0,1,0,0,0,1,0,1,1,1,1,0,0,1,1,0,0,0,1,1,0,1,0,1,1,1,1,0,1,0,1
E6.15.1463,E6.15,medium_TE,46.52008748,Petropoulos2016,6.0,B,K08,1,1,0,0,1,0,0,0,0,1,0,0,0,0,0,1,1,0,0,0,0,0,0,1,1,1,0,0,1,0,1,1,0,0,1,0,1,0,0,0,1,1,1,1,0,0,0,1,0,1,0,0,1,0,0,1,0,0,0,1,1,0,0,0,1,1,1,1,1,0,0,1,1,1,1,0,0,1,1,1,0,1,0,1,0,0,0,0,1,1,1,0,1,0,1,0,1,1,1,1,0,0,1,1,1,0,0,1,1,0,1,0,1,1,1,1,0,1,0,1
E6.15.1465,E6.15,medium_TE,45.74386176,Petropoulos2016,6.0,B,K08,1,1,0,0,0,0,0,0,0,1,0,0,0,0,0,1,1,0,0,0,0,0,0,1,1,1,0,0,1,0,1,1,0,0,1,1,1,0,0,0,1,1,1,1,0,0,0,0,0,1,0,0,1,0,0,1,0,0,0,0,1,0,0,0,1,1,1,1,1,0,1,0,1,1,1,0,1,0,1,1,0,1,0,1,0,0,0,0,1,0,1,0,0,0,1,0,1,1,1,1,0,0,1,1,1,0,0,1,1,0,0,0,1,1,1,1,0,1,1,1
E6.15.1466,E6.15,medium_TE,46.51869603,Petropoulos2016,6.0,B,K08,1,1,0,0,1,0,0,0,0,1,0,0,0,0,0,1,1,0,0,0,0,0,0,1,1,1,0,0,1,0,1,1,0,0,1,0,1,0,0,0,1,1,1,1,0,0,0,1,0,1,0,0,1,0,0,1,0,0,1,0,1,0,0,0,1,1,1,1,1,0,0,0,1,1,1,0,0,0,1,1,0,1,0,1,0,0,0,0,1,1,1,1,1,0,1,0,0,1,1,1,0,0,1,1,0,0,0,1,1,0,0,0,1,1,1,1,0,1,0,1
E6.15.1467,E6.15,medium_TE,45.7538216,Petropoulos2016,6.0,B,K08,1,1,0,1,1,0,0,0,0,1,0,0,0,0,0,1,1,0,0,0,0,0,0,1,0,1,0,0,1,0,1,1,0,0,1,1,1,0,0,0,1,1,1,1,0,0,0,1,0,1,0,0,1,0,0,1,1,0,1,0,1,0,0,0,1,1,1,0,1,0,0,0,1,1,1,0,1,0,1,1,1,1,0,1,0,0,0,0,1,0,1,1,1,0,1,0,1,1,0,1,0,0,1,1,0,0,0,1,1,0,0,0,1,1,1,1,0,1,0,1
E6.15.1468,E6.15,medium_TE,45.39867251,Petropoulos2016,6.0,B,K08,1,1,0,0,1,0,0,0,0,1,0,0,0,0,0,1,1,0,0,0,0,0,1,1,1,1,0,0,1,0,1,1,0,0,1,0,1,0,0,0,1,1,1,1,0,0,0,1,0,1,0,1,1,0,0,1,0,0,1,0,1,0,1,0,1,1,1,1,1,0,1,0,1,1,1,0,1,0,1,1,1,1,0,1,0,0,0,0,1,0,1,1,1,0,1,0,0,1,0,1,0,0,1,1,0,0,0,1,1,0,1,0,1,1,1,1,0,1,0,1
E6.15.1469,E6.15,medium_TE,45.7542345,Petropoulos2016,6.0,B,K08,1,1,0,0,1,0,0,0,0,1,0,0,0,0,0,1,1,0,0,0,0,0,0,1,1,1,0,0,1,0,1,1,0,0,1,0,1,0,0,0,1,1,1,1,0,0,0,0,0,1,0,0,1,0,0,1,1,0,0,0,1,0,0,0,1,1,1,1,1,0,1,0,1,0,1,0,1,0,1,1,0,1,0,1,0,0,0,0,1,0,1,0,1,0,1,0,0,1,1,1,0,0,1,1,1,1,0,1,1,0,1,0,1,1,1,1,0,1,0,1
E6.15.1470,E6.15,medium_TE,45.71657889,Petropoulos2016,6.0,B,K08,1,1,0,0,0,0,0,0,0,1,0,0,0,0,0,1,1,0,0,0,0,0,0,1,1,1,0,0,1,0,1,1,0,0,1,0,1,0,0,0,1,1,1,1,0,0,0,0,0,1,0,0,1,0,0,1,1,0,0,0,1,0,0,0,0,1,1,1,1,0,0,0,1,1,1,0,0,0,1,1,0,1,0,1,0,0,0,0,1,0,1,0,1,0,1,0,1,1,1,1,0,0,1,1,0,0,0,1,1,0,1,0,1,1,1,1,0,1,0,1
E6.15.1471,E6.15,medium_TE,45.31570687,Petropoulos2016,6.0,B,K08,1,1,0,0,0,0,0,0,0,1,0,0,0,0,0,1,1,0,0,0,0,0,0,1,1,1,0,0,1,0,0,1,0,0,1,0,1,0,0,0,1,1,1,0,0,0,0,0,0,1,0,0,1,0,0,1,0,0,0,0,1,0,0,0,1,1,1,0,1,0,0,0,0,1,0,0,0,0,1,0,0,1,0,1,0,0,0,0,1,0,1,1,0,0,1,0,0,1,1,1,1,0,1,1,0,0,0,1,1,0,0,0,1,1,1,1,0,1,0,1
E6.15.1473,E6.15,medium_TE,46.19917371,Petropoulos2016,6.0,B,K08,1,1,0,0,1,0,0,0,0,1,0,0,0,0,0,1,1,0,0,0,0,0,0,1,1,1,0,1,1,0,1,1,0,0,1,1,1,0,0,0,1,1,1,1,0,1,0,1,0,1,0,1,1,0,0,1,0,0,1,0,1,0,0,0,1,1,1,1,1,0,0,0,1,1,1,1,0,0,1,1,0,1,0,1,0,0,0,0,1,0,1,1,1,0,1,0,1,1,1,1,1,0,1,1,1,0,0,1,1,0,0,0,1,1,1,1,0,1,0,1
E6.15.1474,E6.15,medium_TE,46.14619566,Petropoulos2016,6.0,B,K08,1,1,0,0,1,0,0,0,0,1,0,0,0,0,0,1,1,0,0,0,0,0,0,1,1,1,0,0,1,0,1,1,0,0,1,0,1,0,0,0,1,1,1,1,0,0,0,1,0,1,0,0,1,0,1,1,0,0,0,0,1,0,0,0,1,1,1,1,1,0,0,1,1,1,1,0,1,0,1,1,1,1,0,1,0,0,0,0,1,0,1,1,0,0,1,0,1,1,1,1,0,0,1,1,0,0,0,1,1,0,1,0,1,1,1,1,0,1,0,1
E6.15.1475,E6.15,medium_TE,45.7663003,Petropoulos2016,6.0,B,K08,1,1,0,0,0,1,0,0,0,1,0,0,0,0,0,1,1,0,0,0,0,0,0,1,1,1,0,0,1,0,1,1,0,1,1,0,1,0,0,0,1,1,1,1,0,0,0,0,0,1,0,0,1,0,0,1,0,0,1,0,1,0,0,0,1,1,1,1,1,0,0,0,0,1,1,1,1,0,1,1,0,1,0,1,0,0,0,0,1,0,1,1,1,0,1,0,1,1,1,1,1,0,1,1,1,0,0,1,1,0,0,0,1,1,1,1,0,1,0,1
E6.15.1476,E6.15,medium_TE,46.12594553,Petropoulos2016,6.0,B,K08,1,1,0,0,0,0,0,0,0,1,0,0,0,0,0,1,1,0,0,0,0,0,0,1,1,1,0,0,1,0,1,1,0,0,1,1,1,0,0,0,1,1,1,1,0,0,0,1,0,1,0,0,1,0,0,1,0,0,1,0,1,0,0,0,1,1,1,1,1,0,0,0,1,1,1,0,0,0,1,1,0,1,0,1,0,1,0,0,1,0,1,1,0,0,1,0,1,1,1,1,1,0,1,1,1,0,0,1,1,0,1,0,1,1,1,1,0,1,0,1
E6.15.1477,E6.15,medium_TE,45.75018858,Petropoulos2016,6.0,B,K08,1,1,0,1,1,0,0,0,0,1,0,0,0,1,0,1,1,0,0,0,0,0,0,1,1,1,0,0,1,0,1,1,0,0,1,0,1,0,0,0,1,1,1,1,0,0,0,1,0,1,0,0,1,0,0,1,0,0,1,0,1,0,0,0,1,1,1,1,1,0,0,1,1,1,1,1,0,0,1,1,1,1,0,1,0,0,0,0,1,1,1,1,0,0,1,0,1,1,1,1,0,0,1,1,0,0,0,1,1,0,1,0,1,1,1,1,0,1,0,1
E6.15.1478,E6.15,medium_TE,45.88808445,Petropoulos2016,6.0,B,K08,1,1,0,0,1,0,0,0,0,1,0,0,0,0,0,1,1,0,0,0,0,0,0,1,1,1,0,0,1,0,1,1,0,0,1,0,1,0,0,0,1,1,1,1,0,0,0,0,0,1,0,0,1,0,0,1,0,0,1,0,1,0,0,0,1,1,1,1,1,0,0,1,1,1,1,0,1,0,1,1,1,1,0,1,1,0,0,0,1,0,1,1,1,0,1,0,1,1,1,1,0,0,1,1,0,0,0,1,1,0,0,0,1,1,1,1,0,1,0,1
E6.15.1479,E6.15,medium_TE,45.40110656,Petropoulos2016,6.0,B,K08,1,1,0,0,1,0,0,0,0,1,0,0,0,1,0,1,1,0,0,0,0,0,0,1,1,1,0,1,1,0,1,1,0,0,1,0,1,0,0,0,1,1,1,1,0,0,0,1,0,1,0,0,1,0,0,1,1,0,1,0,1,0,0,0,1,1,1,1,1,0,0,1,1,0,1,0,0,0,1,1,0,1,0,1,0,0,0,0,1,0,1,0,0,0,1,0,1,1,1,1,0,0,1,1,0,1,0,1,1,0,0,0,1,1,1,1,0,1,0,1
E6.15.1481,E6.15,medium_TE,46.51647233,Petropoulos2016,6.0,B,K08,1,1,0,1,1,0,0,0,0,1,0,0,0,0,0,1,1,0,0,0,0,0,0,1,1,1,0,1,1,0,1,1,0,0,1,0,1,0,0,0,1,1,1,1,0,0,0,1,0,1,0,0,1,0,0,1,1,0,0,0,1,0,0,0,1,1,1,1,1,0,0,1,1,1,1,1,0,0,1,1,1,1,0,1,0,0,0,0,1,1,1,1,1,0,1,0,1,1,1,1,0,0,1,1,0,0,0,1,1,0,0,0,1,1,1,1,0,1,0,1
E6.17.1570,E6.17,medium_TE,45.74412429,Petropoulos2016,6.0,B,K08,1,1,0,0,0,0,0,0,0,1,0,0,0,0,0,1,1,0,0,0,0,0,0,1,1,1,0,1,1,0,1,0,0,0,1,0,1,0,0,0,0,1,1,1,0,0,1,0,0,1,0,0,1,0,0,1,1,0,0,0,1,0,0,0,1,1,1,0,1,0,0,0,1,0,1,0,1,0,0,1,0,1,0,1,0,0,0,0,1,1,1,0,1,0,1,0,1,1,1,1,1,0,1,1,1,0,0,1,0,0,0,1,0,1,0,1,0,1,0,1
E6.17.1571,E6.17,medium_TE,44.56056029,Petropoulos2016,6.0,B,K08,0,1,0,0,0,0,0,0,0,1,0,0,0,0,0,0,1,0,0,0,0,0,0,1,1,1,0,0,1,0,0,0,0,0,0,0,1,0,0,0,1,1,0,1,0,0,1,0,1,0,0,0,1,0,0,1,0,0,1,0,1,0,0,0,1,1,1,1,1,0,0,0,0,0,0,0,0,0,0,0,0,1,0,1,0,0,0,0,1,0,1,0,0,0,0,0,1,1,0,1,0,0,1,1,0,0,0,1,1,0,0,0,1,1,0,1,0,1,0,1
E6.17.1572,E6.17,medium_TE,45.71973615,Petropoulos2016,6.0,B,K08,1,1,0,0,0,0,0,0,0,1,0,0,0,0,0,1,1,0,0,0,0,0,0,1,1,1,0,0,1,0,1,1,0,0,1,0,1,0,0,0,1,1,1,1,0,0,0,1,0,1,0,0,1,1,0,1,0,0,1,0,1,0,0,0,1,1,1,1,1,0,0,0,1,1,1,0,0,0,1,1,1,1,0,1,0,0,0,0,1,0,1,1,1,0,1,0,1,1,1,1,0,0,1,1,1,0,0,1,1,0,0,1,1,1,1,1,0,1,0,1
E6.17.1573,E6.17,medium_TE,47.0902778,Petropoulos2016,6.0,B,K08,1,1,0,0,0,0,0,0,0,1,0,0,0,0,0,1,1,0,0,0,0,0,0,1,1,1,0,1,1,0,1,1,0,0,1,0,1,0,0,0,1,1,1,1,1,0,1,0,0,1,0,0,1,0,0,1,0,0,0,0,1,0,0,0,1,1,1,1,1,0,0,0,1,0,1,1,0,1,0,1,1,1,0,1,0,0,0,0,1,1,1,1,0,0,1,0,1,1,1,1,0,0,1,1,1,0,0,1,1,0,0,1,1,1,1,1,0,1,0,1
E6.11.1070,E6.11,late_TE,53.42734661,Petropoulos2016,6.0,B,K08,0,1,0,1,0,0,0,0,0,1,0,0,0,0,0,1,1,0,1,0,0,0,0,1,1,1,0,0,1,0,1,1,0,1,1,0,1,0,1,0,0,1,0,0,0,0,0,0,0,1,0,0,1,0,0,1,0,1,1,0,1,0,0,0,1,1,1,1,1,0,0,1,1,1,0,0,0,0,0,1,1,1,0,1,0,0,0,0,1,1,1,0,1,0,0,0,1,1,1,1,0,0,1,1,0,1,0,1,1,0,1,0,1,1,1,1,0,1,0,1
E6.12.1271,E6.12,late_TE,52.9804904,Petropoulos2016,6.0,B,K08,1,1,0,1,0,0,0,0,0,1,0,1,0,1,0,1,1,0,0,0,0,0,0,1,1,1,0,0,1,0,1,1,0,0,1,0,1,0,0,0,1,1,1,1,0,0,1,0,0,1,0,0,1,0,0,1,0,0,1,0,1,0,0,0,1,1,1,1,1,0,1,0,1,1,1,0,0,1,1,1,1,1,0,1,0,0,0,0,1,1,1,0,0,0,1,0,1,1,1,1,0,0,1,1,0,1,0,1,1,0,1,0,1,1,1,1,0,1,0,1
E6.12.1277,E6.12,late_TE,52.97818168,Petropoulos2016,6.0,B,K08,1,1,0,1,1,0,0,0,0,1,0,0,0,1,0,1,1,0,0,0,0,0,0,1,1,1,0,1,1,0,1,1,0,1,1,1,1,0,0,0,1,1,1,1,0,0,0,0,0,1,0,0,1,0,0,1,1,1,1,0,1,0,0,0,1,1,1,1,1,0,1,0,1,1,1,0,0,0,0,1,1,1,0,1,1,1,0,0,1,1,1,1,1,0,1,0,1,1,1,1,0,0,1,1,1,1,0,1,1,0,1,1,1,1,1,1,0,1,0,1
E6.12.1278,E6.12,late_TE,50.62373062,Petropoulos2016,6.0,B,K08,1,1,0,0,0,0,0,0,0,1,0,0,0,0,0,1,1,0,0,0,0,0,0,1,1,1,0,0,1,0,1,1,0,0,1,0,1,0,0,0,1,1,1,1,0,0,1,1,0,1,0,0,1,0,0,1,0,0,0,0,1,0,0,0,0,1,1,1,1,0,0,0,1,1,1,0,1,0,1,1,1,1,0,1,0,0,0,0,1,0,1,1,0,0,1,1,1,1,1,1,0,0,1,1,1,0,0,1,1,0,1,0,1,1,1,1,0,1,0,1
E6.12.1280,E6.12,late_TE,53.56004083,Petropoulos2016,6.0,B,K08,1,1,0,1,1,0,0,0,0,1,0,0,0,1,0,1,1,0,0,0,0,0,0,1,0,1,0,1,1,0,1,1,0,1,1,0,1,0,0,0,1,1,1,1,1,0,1,0,0,1,0,0,1,0,0,1,0,0,1,0,1,0,0,0,1,1,1,1,1,0,1,1,1,1,0,0,0,1,1,1,1,1,0,1,0,1,0,0,1,1,1,0,0,0,1,0,1,1,1,1,0,0,1,1,1,1,0,1,1,0,1,1,1,1,1,1,0,1,0,1
E6.12.1482,E6.12,late_TE,38.94936065,Petropoulos2016,6.0,B,K08,1,1,0,1,1,0,0,0,0,1,0,0,0,0,0,1,1,0,0,0,0,0,0,1,1,1,0,1,1,0,1,1,0,1,1,0,1,0,0,1,1,1,1,1,1,0,1,1,1,1,0,0,1,0,0,1,1,1,1,0,1,0,0,0,1,1,1,1,1,0,1,1,1,1,1,1,0,0,1,1,1,1,0,1,0,0,0,0,1,1,1,1,1,0,1,0,1,1,1,1,0,0,1,1,1,1,0,1,1,0,1,1,1,1,1,1,0,1,0,1
E6.12.1483,E6.12,late_TE,52.98614989,Petropoulos2016,6.0,B,K08,1,1,0,1,1,0,0,0,0,1,0,1,0,0,0,1,1,0,0,0,0,0,0,1,1,1,0,1,1,0,1,1,0,0,1,0,1,0,0,0,1,1,1,1,0,0,1,1,0,1,0,0,1,0,0,1,0,1,1,0,1,0,0,0,1,1,1,1,1,0,1,0,1,1,1,0,1,0,1,1,1,1,0,1,0,0,0,0,1,1,1,1,1,0,1,0,1,1,1,1,1,0,1,1,1,1,0,1,1,0,1,1,1,1,1,1,0,1,0,1
E6.12.1484,E6.12,late_TE,53.26812193,Petropoulos2016,6.0,B,K08,1,1,0,0,0,0,0,0,0,1,0,0,0,0,0,1,1,0,0,0,0,0,0,1,1,1,0,0,1,0,1,1,0,1,1,0,1,0,0,0,1,1,1,1,1,0,1,1,0,1,0,0,1,0,0,1,0,1,1,0,1,0,0,1,1,1,1,1,1,0,1,1,1,1,1,0,1,0,1,1,1,1,0,1,0,1,0,0,1,1,1,1,1,0,1,1,1,1,1,1,0,0,1,1,1,1,0,1,1,0,1,1,1,1,1,1,0,1,0,1
E6.12.1486,E6.12,late_TE,50.19749073,Petropoulos2016,6.0,B,K08,1,1,0,1,1,0,0,0,0,1,0,0,0,1,0,1,1,0,0,0,0,0,0,1,1,1,0,0,1,0,1,1,0,1,1,0,1,0,0,0,1,1,1,1,0,0,0,1,0,1,0,0,1,0,0,1,0,0,1,0,1,0,0,0,1,1,1,1,1,0,1,0,1,1,1,1,0,0,1,1,1,1,0,1,0,0,0,0,1,1,1,1,1,0,1,0,1,1,1,1,0,0,1,1,1,0,0,1,1,1,1,1,1,1,1,1,0,1,0,1
E6.12.1487,E6.12,late_TE,50.59299054,Petropoulos2016,6.0,B,K08,1,1,0,1,0,0,0,0,0,1,0,0,0,0,0,1,1,0,0,0,0,0,0,1,1,1,0,0,1,0,1,1,0,0,1,0,1,0,0,0,1,1,1,1,0,0,0,1,0,1,0,0,1,0,0,1,1,0,1,0,1,0,0,0,1,1,1,1,1,0,1,1,1,1,1,1,0,0,1,1,1,1,0,1,0,1,0,0,1,0,1,1,1,0,1,0,1,1,1,1,0,0,1,1,1,0,0,1,1,0,1,1,1,1,1,1,0,1,0,1
E6.13.1377,E6.13,late_TE,52.83499805,Petropoulos2016,6.0,B,K09,1,1,0,1,0,0,0,0,0,1,0,0,0,0,0,1,1,0,0,0,0,0,0,1,1,1,0,0,1,0,1,1,0,0,1,0,1,0,0,0,1,1,0,1,0,0,1,0,0,1,0,0,1,0,0,1,0,0,0,0,1,0,0,0,1,1,1,1,1,0,0,0,1,1,1,0,1,0,1,1,1,1,0,1,0,0,0,0,1,0,1,1,0,0,1,0,1,1,1,1,0,0,1,1,1,1,0,1,1,0,1,0,1,1,1,1,0,1,0,1
E6.13.1379,E6.13,late_TE,52.71971056,Petropoulos2016,6.0,B,K09,1,1,0,1,0,0,0,0,0,1,0,1,0,1,0,1,1,0,0,0,0,0,0,1,1,1,0,1,1,0,1,1,0,1,1,0,1,0,0,0,0,1,1,1,1,0,1,0,0,1,0,0,1,0,0,1,0,0,1,0,1,0,0,0,1,1,1,1,1,0,0,0,0,1,1,1,1,0,1,1,1,1,0,1,0,1,0,0,1,0,1,1,0,0,1,0,1,1,1,1,0,0,1,1,0,0,0,1,1,0,1,0,1,1,1,1,0,1,0,1
E6.13.1380,E6.13,late_TE,52.95090278,Petropoulos2016,6.0,B,K09,1,1,0,0,1,0,0,0,0,1,0,1,0,0,0,1,1,0,0,0,0,0,0,1,1,1,0,1,1,0,1,1,0,0,1,0,1,0,0,0,1,1,1,1,0,0,1,0,1,1,0,0,1,0,0,1,0,0,1,0,1,0,0,0,1,1,1,1,1,0,0,0,1,1,1,0,1,0,1,1,1,1,0,1,0,0,0,0,1,0,1,1,0,0,1,1,1,1,1,1,0,0,1,1,1,1,0,1,1,0,1,1,1,1,1,1,0,1,0,1
E6.13.1383,E6.13,late_TE,52.87350731,Petropoulos2016,6.0,B,K09,1,1,0,0,0,0,0,0,0,1,0,1,0,0,0,1,1,0,0,0,0,0,0,1,1,1,0,1,1,0,1,1,0,1,1,0,1,0,0,0,1,1,1,1,0,0,1,1,0,1,0,0,1,0,0,1,0,0,1,0,1,0,0,1,1,1,1,1,1,0,0,0,0,1,1,0,1,0,0,1,1,1,0,1,0,1,0,0,1,0,1,1,0,0,1,0,1,1,1,1,0,0,1,1,0,0,0,1,1,0,1,1,1,1,1,1,0,1,0,1
E6.13.1384,E6.13,late_TE,53.67725008,Petropoulos2016,6.0,B,K09,1,1,0,1,0,0,0,0,0,1,1,0,0,1,0,1,1,0,0,0,0,0,0,1,1,1,0,0,1,0,1,1,0,0,1,0,1,0,0,0,0,1,1,1,0,0,1,1,0,1,0,0,1,0,0,1,0,0,1,0,1,0,0,0,1,1,1,1,1,0,0,1,1,1,1,0,0,0,1,1,1,1,0,1,1,0,0,0,1,1,1,0,0,0,1,0,1,1,1,1,0,0,1,1,1,1,0,1,1,0,1,1,1,1,1,1,0,1,0,1
E6.13.1386,E6.13,late_TE,53.21824487,Petropoulos2016,6.0,B,K09,1,1,0,1,1,0,0,0,0,1,1,1,0,1,0,1,1,0,0,0,0,0,0,1,1,1,0,1,1,0,1,1,0,1,1,0,1,0,0,0,0,1,1,1,0,0,0,1,0,1,0,0,1,0,0,1,0,0,1,0,1,0,0,0,1,1,1,1,1,0,0,1,1,1,1,0,1,0,1,1,1,1,0,1,0,0,0,0,1,0,1,1,0,0,1,1,1,1,1,1,1,0,1,1,0,1,0,1,1,0,1,1,1,1,1,1,1,1,0,1
E6.13.1387,E6.13,late_TE,53.10893016,Petropoulos2016,6.0,B,K09,1,1,0,1,0,0,0,0,0,1,0,1,0,1,0,1,1,0,0,0,0,0,0,1,1,1,0,0,1,0,1,1,0,0,1,0,1,0,0,0,0,1,0,1,0,0,1,0,0,1,0,0,1,0,0,1,1,0,1,0,1,0,0,0,1,1,1,1,1,0,0,1,1,1,1,0,1,1,1,1,1,1,0,1,1,0,0,0,1,1,1,1,0,0,1,0,1,1,1,1,0,0,1,1,0,0,0,1,1,1,1,0,1,1,1,1,0,1,0,1
E6.13.1388,E6.13,late_TE,53.40481942,Petropoulos2016,6.0,B,K09,1,1,0,0,0,0,0,0,1,1,1,1,0,0,0,1,1,0,0,0,0,0,0,1,1,1,0,0,1,0,1,1,0,0,1,0,1,0,0,0,1,1,1,1,0,0,1,0,1,1,0,0,1,0,0,1,1,1,1,0,1,0,0,0,1,1,1,1,1,0,0,0,1,1,1,0,1,0,1,1,1,1,0,1,0,0,0,0,1,1,1,0,1,0,1,0,1,1,1,1,0,0,1,1,1,1,0,1,1,0,0,1,1,1,1,1,0,1,0,1
E6.13.1390,E6.13,late_TE,52.73599246,Petropoulos2016,6.0,B,K09,1,1,0,1,0,0,0,0,0,1,0,1,0,0,0,1,1,0,0,0,0,0,0,1,0,1,0,0,1,0,1,0,0,0,1,0,1,0,0,0,0,1,1,1,0,0,0,0,0,1,0,0,1,0,0,1,0,0,1,0,1,0,0,0,1,1,1,1,1,0,0,0,0,1,0,0,0,0,1,0,1,1,0,1,0,0,0,0,1,1,1,0,1,0,1,0,1,1,0,1,0,0,1,1,0,1,0,1,1,0,1,1,1,1,0,1,0,1,0,1
E6.13.1391,E6.13,late_TE,53.00227196,Petropoulos2016,6.0,B,K09,1,1,0,0,1,0,0,0,0,1,0,1,0,0,0,1,1,0,0,0,0,0,0,1,1,1,0,0,1,0,1,1,0,0,1,1,1,1,0,0,1,1,1,1,0,0,1,1,0,1,0,1,1,0,0,1,1,1,1,0,1,0,0,1,1,1,1,1,1,0,1,0,1,1,1,0,1,0,0,1,1,1,0,1,0,0,0,0,1,0,1,1,0,0,1,0,1,1,1,1,0,0,1,1,0,0,0,1,1,0,0,1,1,1,1,1,0,1,0,1
E6.13.1392,E6.13,late_TE,49.45035619,Petropoulos2016,6.0,B,K09,1,1,0,0,0,0,0,0,0,1,1,0,0,0,0,1,1,0,0,0,0,0,0,1,1,1,0,0,1,0,1,1,0,1,1,1,1,0,0,0,1,1,1,1,0,0,1,1,0,1,0,0,1,0,0,1,0,0,1,0,1,0,0,0,1,1,1,1,1,0,0,0,0,0,1,0,0,0,1,1,0,1,0,1,0,0,0,0,1,1,1,1,1,0,1,0,1,1,1,1,0,0,1,1,1,1,0,1,1,0,1,0,0,1,1,1,0,1,0,1
E6.13.1393,E6.13,late_TE,53.21027875,Petropoulos2016,6.0,B,K09,1,1,0,0,0,0,0,0,0,1,0,1,0,0,0,1,1,0,0,0,0,0,0,1,1,1,0,1,1,0,1,1,0,1,1,0,1,0,0,1,1,1,1,1,0,0,1,1,0,1,0,0,1,0,1,1,1,0,1,0,1,0,0,1,1,1,1,1,1,0,0,1,1,1,1,0,1,1,1,1,1,1,0,1,0,1,0,0,1,1,1,1,1,0,1,0,1,1,1,1,0,0,1,1,1,1,0,1,1,0,1,1,1,1,1,1,0,1,0,1
E6.13.1394,E6.13,late_TE,52.78788084,Petropoulos2016,6.0,B,K09,1,1,0,0,0,0,0,0,0,1,0,0,0,0,0,1,1,0,0,0,0,0,0,1,1,1,0,0,1,0,1,1,0,0,1,0,1,0,0,0,1,1,1,1,0,0,0,1,0,1,0,0,1,0,0,1,0,0,1,0,1,0,0,0,1,1,1,1,1,0,0,0,1,1,1,0,0,0,1,1,1,1,0,1,0,0,0,0,1,1,1,0,0,0,1,0,1,1,1,1,0,0,1,1,1,1,0,1,1,0,1,0,1,1,1,1,0,1,0,1
E6.13.1395,E6.13,late_TE,52.82270848,Petropoulos2016,6.0,B,K09,1,1,0,1,0,0,0,0,0,1,0,0,0,0,0,1,1,0,0,0,0,0,0,1,1,1,0,0,1,0,1,1,0,0,1,0,1,0,0,0,1,1,1,1,1,0,0,1,0,1,0,0,1,0,0,1,0,0,1,0,1,0,0,0,1,1,1,1,1,0,0,0,1,1,1,0,1,0,1,1,1,1,0,1,0,0,0,0,1,0,1,1,1,0,1,0,1,1,1,1,0,0,1,1,1,0,0,1,1,0,0,0,1,1,1,1,0,1,0,1
E6.13.1396,E6.13,late_TE,51.03482733,Petropoulos2016,6.0,B,K09,1,1,0,0,0,0,0,0,0,1,0,0,0,1,0,1,1,0,0,0,0,0,0,1,1,1,0,0,1,0,1,1,0,0,1,0,1,0,0,0,1,1,1,1,0,0,1,1,0,1,0,0,1,0,0,1,1,1,1,0,1,0,0,0,1,1,1,1,1,0,0,1,1,1,1,1,1,0,1,1,1,1,0,1,0,0,0,0,1,0,1,1,0,0,1,1,1,1,1,1,0,0,1,1,0,0,0,1,1,0,1,1,0,1,1,1,0,1,0,1
E6.13.1397,E6.13,late_TE,53.31037589,Petropoulos2016,6.0,B,K09,1,1,0,1,1,0,0,0,0,1,1,1,0,1,0,1,1,0,0,0,0,0,0,1,1,1,0,1,1,0,1,1,0,1,1,0,1,0,0,1,1,1,1,1,0,0,1,1,0,1,0,0,1,0,0,1,0,0,1,0,1,0,0,0,1,1,1,1,1,0,0,0,1,1,1,0,0,1,1,1,1,1,0,1,0,0,0,0,1,1,1,1,0,0,1,1,1,1,1,1,0,0,1,1,1,1,0,1,1,0,1,1,1,1,1,1,0,1,0,1
E6.13.1398,E6.13,late_TE,53.2660784,Petropoulos2016,6.0,B,K09,1,1,0,0,0,0,0,0,0,1,0,1,0,1,0,1,1,0,0,0,0,0,0,1,1,1,0,1,1,0,1,1,0,1,1,1,1,0,0,0,1,1,1,1,0,0,1,0,0,1,0,0,1,0,1,1,0,0,1,0,1,0,0,0,1,1,1,1,1,0,0,1,1,1,1,0,1,1,1,1,1,1,0,1,0,1,0,0,1,1,1,1,0,0,1,0,1,1,1,1,0,0,1,1,0,1,0,1,1,0,1,1,1,1,1,1,0,1,0,1
E6.13.1399,E6.13,late_TE,53.41143622,Petropoulos2016,6.0,B,K09,1,1,0,1,0,0,0,0,0,1,0,1,0,1,0,1,1,0,0,0,0,0,0,1,1,1,0,1,1,0,1,1,0,1,1,0,1,0,0,0,1,1,1,1,0,0,1,1,0,1,0,0,1,0,0,1,1,1,1,1,1,0,0,0,1,1,1,1,1,0,0,0,1,1,1,0,1,0,1,1,1,1,0,1,0,0,0,0,1,1,1,0,0,0,1,0,1,1,1,1,0,0,1,1,0,1,0,1,1,0,1,1,1,1,1,1,0,1,0,1
E6.13.1400,E6.13,late_TE,39.36506514,Petropoulos2016,6.0,B,K09,1,1,0,1,0,0,0,0,0,1,0,1,0,0,0,1,1,0,0,0,0,0,0,1,1,1,0,0,1,0,1,1,0,1,1,0,1,0,0,0,1,1,1,1,0,0,1,0,1,1,0,0,1,0,0,1,0,1,1,0,1,0,0,0,1,1,1,1,1,0,0,1,1,1,1,0,0,1,1,1,1,1,0,1,0,1,0,0,1,1,1,1,0,0,1,0,1,1,1,1,0,0,1,1,1,1,0,1,1,0,1,0,1,1,1,1,0,1,0,1
E6.14.1403,E6.14,late_TE,52.93721266,Petropoulos2016,6.0,B,K09,1,1,0,1,0,0,0,0,0,1,0,1,0,1,0,1,1,0,0,0,0,0,0,1,1,1,0,1,1,0,1,1,0,1,1,0,1,1,0,0,1,1,1,1,0,0,1,0,0,1,0,0,1,0,0,1,0,0,1,0,1,0,0,0,1,1,1,1,1,0,1,0,1,1,1,0,1,0,0,1,1,1,0,1,0,1,0,0,1,0,1,1,1,0,1,0,1,1,1,1,0,0,1,1,1,0,0,1,1,0,1,1,1,1,1,1,0,1,0,1
E6.14.1404,E6.14,late_TE,39.22362564,Petropoulos2016,6.0,B,K09,1,1,0,1,1,0,0,0,0,1,0,1,0,1,0,1,1,0,0,0,0,0,0,1,1,1,0,1,1,0,1,1,0,1,1,0,1,0,1,0,1,1,1,1,0,0,1,1,0,1,0,0,1,0,0,1,0,1,1,0,1,0,0,1,1,1,1,1,1,0,1,1,1,1,1,0,1,0,1,1,1,1,0,1,0,1,0,0,1,1,1,1,1,0,1,0,1,1,1,1,0,0,1,1,1,1,0,1,1,0,1,1,1,1,1,1,0,1,0,1
E6.14.1405,E6.14,late_TE,53.60710274,Petropoulos2016,6.0,B,K09,1,1,0,1,0,0,0,0,0,1,0,0,0,0,0,1,1,0,0,0,0,0,0,1,1,1,0,0,1,0,1,1,0,0,0,0,1,0,0,0,0,1,0,1,1,0,1,0,0,0,0,0,1,0,0,1,0,0,1,0,1,0,0,0,1,1,1,1,1,0,0,0,0,1,1,0,0,0,1,0,1,1,0,1,0,0,0,0,1,1,1,0,0,0,1,0,1,1,0,1,0,0,1,1,1,1,0,1,1,0,0,1,1,1,1,1,0,1,0,1
E6.14.1406,E6.14,late_TE,52.70340626,Petropoulos2016,6.0,B,K09,1,1,0,1,0,0,0,0,0,1,0,0,0,0,0,1,1,0,0,0,0,0,0,1,0,1,0,1,1,0,1,1,0,1,1,0,1,0,0,0,1,1,1,1,0,0,1,0,0,1,0,0,1,0,0,1,0,0,1,1,1,0,0,0,1,1,1,1,1,0,0,0,1,0,1,1,0,0,1,1,1,1,0,1,0,0,0,0,1,0,1,1,0,0,1,0,1,1,1,1,0,0,1,1,0,1,0,1,1,0,0,1,1,1,1,1,0,1,0,1
E6.14.1407,E6.14,late_TE,52.70326442,Petropoulos2016,6.0,B,K09,1,1,0,0,1,0,0,0,0,1,0,0,0,0,0,1,1,0,0,0,0,0,0,1,1,1,0,0,1,0,1,1,0,0,1,0,1,0,0,0,1,1,1,1,0,0,1,0,0,1,0,0,1,0,0,1,0,0,0,0,1,0,0,0,1,1,1,1,1,0,0,0,0,1,1,0,0,0,1,0,1,1,0,1,0,0,0,0,1,0,1,1,1,0,1,0,1,1,1,1,0,0,1,1,0,0,0,1,1,0,0,0,1,1,1,1,0,1,0,1
E6.14.1409,E6.14,late_TE,52.9213673,Petropoulos2016,6.0,B,K09,1,1,0,1,0,0,0,0,0,1,0,1,0,0,0,1,1,0,0,0,0,0,0,1,1,1,0,0,1,0,1,1,0,0,1,0,1,0,0,0,1,1,0,1,0,0,1,1,0,1,0,0,1,0,0,1,0,0,1,1,1,0,0,0,1,1,1,1,1,0,0,1,1,0,1,0,0,0,1,1,0,1,0,1,0,0,0,0,1,1,1,1,0,0,1,0,1,1,1,1,0,0,1,1,1,1,1,1,1,0,1,1,1,1,1,1,0,1,0,1
E6.14.1411,E6.14,late_TE,52.92884918,Petropoulos2016,6.0,B,K09,1,1,0,1,0,0,0,0,1,1,0,0,0,0,0,1,1,0,0,0,0,0,0,1,1,1,0,0,1,0,1,0,0,0,1,0,1,1,0,1,0,1,1,1,0,0,1,0,0,1,0,0,1,0,0,1,0,0,1,0,1,0,0,0,1,1,1,1,1,0,0,0,0,0,0,0,0,0,1,0,1,1,0,1,0,1,0,0,1,1,1,1,1,0,1,0,1,1,1,1,0,1,1,1,0,1,0,1,1,0,0,1,0,1,1,1,0,1,0,1
E6.14.1414,E6.14,late_TE,53.1057237,Petropoulos2016,6.0,B,K09,1,1,0,1,1,0,0,0,0,1,0,1,0,0,0,1,1,0,0,0,0,0,0,1,1,1,0,1,1,0,1,1,0,0,1,0,1,0,0,0,1,1,1,1,0,0,1,0,0,1,0,0,1,0,0,1,1,0,0,0,1,0,0,1,1,1,1,1,1,0,0,1,1,1,1,0,1,0,1,1,1,1,0,1,0,0,0,0,1,0,1,1,0,0,1,0,1,1,1,1,1,0,1,1,1,1,0,1,1,0,1,1,1,1,1,1,0,1,0,1
E6.14.1415,E6.14,late_TE,50.07123779,Petropoulos2016,6.0,B,K09,1,1,0,0,0,0,0,0,0,1,0,0,0,0,0,0,1,0,0,0,0,0,0,1,1,1,0,0,1,0,0,1,0,0,0,0,1,0,0,0,0,1,0,1,0,0,0,0,0,1,0,0,1,0,0,1,0,0,0,0,1,0,0,0,1,1,1,0,1,0,0,1,0,0,1,0,0,0,1,0,0,1,0,1,0,0,0,0,1,0,1,0,0,0,1,0,0,1,0,1,0,0,1,1,0,0,0,1,1,0,0,0,0,0,1,0,0,1,0,1
E6.14.1416,E6.14,late_TE,53.59969833,Petropoulos2016,6.0,B,K09,1,1,0,1,1,0,0,0,0,1,0,0,0,0,0,1,1,0,0,0,0,1,0,1,1,1,0,1,1,0,1,1,0,1,1,0,1,1,0,0,1,1,1,1,0,0,1,1,0,1,0,0,1,0,0,1,1,0,1,1,1,0,0,0,1,1,1,1,1,0,1,1,1,1,1,0,1,1,1,1,1,1,0,1,0,1,0,0,1,1,1,1,1,0,1,1,1,1,1,1,0,0,1,1,1,1,0,1,1,1,1,1,1,1,1,1,0,1,0,1
E6.14.1417,E6.14,late_TE,52.86821094,Petropoulos2016,6.0,B,K09,1,1,0,1,0,0,0,0,0,1,0,0,0,0,0,1,1,0,0,0,0,0,0,1,1,1,0,1,1,0,1,1,0,1,0,0,1,0,0,0,1,1,1,1,0,0,1,0,0,1,0,0,1,0,1,1,1,0,1,0,1,0,0,0,1,1,1,1,1,0,0,1,1,1,1,0,1,0,1,1,1,1,0,1,0,0,0,0,1,0,1,1,0,0,1,0,1,1,1,1,1,0,1,1,1,0,0,1,1,0,1,1,1,1,1,1,0,1,0,1
E6.14.1418,E6.14,late_TE,53.17227077,Petropoulos2016,6.0,B,K09,1,1,0,0,1,0,0,1,0,1,0,0,0,0,0,1,1,0,0,0,0,1,0,1,1,1,0,0,1,0,1,1,0,1,1,0,1,0,0,0,1,1,1,1,0,0,1,1,0,1,0,0,1,0,0,1,0,0,1,1,1,0,0,0,1,1,1,1,1,1,0,1,1,1,1,0,1,0,0,1,1,1,0,1,1,0,0,0,1,0,1,1,0,0,1,0,1,1,1,1,0,0,1,1,1,1,0,1,1,0,0,1,1,1,1,1,0,1,0,1
E6.14.1419,E6.14,late_TE,53.32709216,Petropoulos2016,6.0,B,K09,1,1,0,1,1,0,0,1,0,1,1,1,0,1,0,1,1,0,0,0,0,0,0,1,1,1,0,0,1,0,1,1,1,1,1,0,1,1,0,1,1,1,1,1,0,0,1,1,0,1,0,0,1,0,0,1,1,1,1,1,1,0,0,1,1,1,1,1,1,0,0,1,1,1,1,0,1,0,1,1,1,1,0,1,0,1,0,0,1,0,1,1,1,0,1,0,1,1,1,1,1,0,1,1,1,1,0,1,1,0,0,1,1,1,1,1,1,1,1,1
E6.14.1420,E6.14,late_TE,52.95702781,Petropoulos2016,6.0,B,K09,1,1,0,1,1,0,0,0,1,1,0,0,0,0,0,1,1,0,0,0,0,0,0,1,1,1,0,1,1,0,1,1,0,0,1,0,1,1,0,0,0,1,1,1,0,0,1,1,0,1,1,0,1,0,0,1,0,1,1,0,1,0,0,0,1,1,1,1,1,0,0,0,0,1,1,0,0,0,1,1,1,1,0,1,0,1,0,0,1,1,1,1,1,0,1,0,1,1,0,1,0,0,1,1,0,1,0,1,1,0,0,1,1,1,1,1,0,1,0,1
E6.14.1421,E6.14,late_TE,53.46254434,Petropoulos2016,6.0,B,K09,1,1,0,0,1,0,0,0,0,1,0,0,0,1,0,1,1,0,0,0,0,0,0,1,1,1,0,1,1,0,1,1,0,0,1,0,1,1,0,0,1,1,1,1,1,0,1,1,0,1,0,0,1,0,1,1,0,0,1,1,1,0,0,1,1,1,1,1,1,0,0,1,1,1,1,0,0,0,1,1,1,1,0,1,0,1,0,0,1,0,1,1,1,0,1,1,1,1,1,1,1,0,1,1,1,1,0,1,1,0,0,1,1,1,1,1,0,1,0,1
E6.14.1422,E6.14,late_TE,53.56481065,Petropoulos2016,6.0,B,K09,1,1,0,1,0,0,0,0,0,1,0,0,0,0,0,1,1,0,0,0,0,0,0,1,1,1,0,0,1,0,1,1,0,0,1,0,1,1,0,0,1,1,1,1,1,0,1,0,1,1,0,0,1,0,0,1,0,1,1,0,1,0,0,0,1,1,1,1,1,0,0,0,1,1,1,0,1,0,1,1,1,1,0,1,0,1,0,0,1,1,1,1,1,0,1,0,1,1,1,1,1,0,1,1,1,1,0,1,1,0,0,1,1,1,0,1,0,1,0,1
E6.14.1423,E6.14,late_TE,52.37738341,Petropoulos2016,6.0,B,K09,1,1,0,0,0,0,0,1,0,1,0,0,0,0,0,1,1,0,0,0,0,0,1,1,1,1,0,0,1,0,1,1,0,0,1,0,1,0,0,0,1,1,1,1,0,0,1,0,0,1,0,0,1,0,0,1,0,0,1,0,1,1,0,1,1,1,1,1,1,0,0,0,1,1,0,0,0,0,0,1,1,1,0,1,0,0,0,0,1,1,1,1,1,0,1,0,1,1,1,1,0,0,1,1,1,0,0,1,1,0,0,1,1,1,1,1,0,1,0,1
E6.14.1424,E6.14,late_TE,52.38165517,Petropoulos2016,6.0,B,K09,1,1,0,0,0,0,0,0,0,1,0,1,0,0,0,1,1,0,0,0,0,0,0,1,1,1,0,0,1,0,1,1,0,0,1,0,1,0,0,0,1,1,0,1,0,0,0,0,0,0,0,0,1,0,0,1,0,0,1,1,1,0,0,0,1,1,1,1,1,0,1,0,0,1,1,1,1,0,0,1,0,1,0,1,0,1,0,0,1,1,1,1,1,0,1,0,1,1,1,1,0,0,1,1,0,1,0,1,1,0,0,1,1,1,1,1,0,1,0,1
E6.14.1426,E6.14,late_TE,53.07999486,Petropoulos2016,6.0,B,K09,1,1,0,0,1,0,0,0,0,1,0,1,0,0,0,1,1,0,0,0,0,0,0,1,1,1,0,0,1,0,1,1,0,1,1,0,1,1,0,0,1,1,1,1,1,0,1,1,1,0,0,0,1,0,0,1,0,1,1,0,1,0,0,0,1,1,1,1,1,0,0,1,1,1,1,0,0,0,0,1,1,1,0,1,0,0,0,0,1,0,1,1,1,0,1,0,1,1,1,1,0,0,1,1,1,1,0,1,1,0,0,1,1,1,1,1,0,1,0,1
E6.14.1427,E6.14,late_TE,52.98971636,Petropoulos2016,6.0,B,K09,1,1,0,1,1,0,0,0,0,1,0,0,0,0,0,1,1,0,0,0,1,0,0,1,1,1,0,0,1,0,1,1,0,0,1,0,1,0,0,0,1,1,0,1,0,1,0,1,0,1,0,0,1,0,0,1,0,0,1,0,1,0,0,0,1,1,1,1,1,0,0,0,1,1,1,0,0,1,0,1,1,1,0,1,1,0,0,0,1,0,1,1,1,0,1,0,1,1,1,1,0,0,1,1,1,1,0,1,1,0,1,1,1,1,1,1,0,1,0,1
E6.14.1429,E6.14,late_TE,52.36466661,Petropoulos2016,6.0,B,K09,1,1,0,1,1,0,0,0,0,1,0,0,0,0,0,1,1,0,0,0,0,0,0,1,1,1,0,0,1,0,1,1,0,0,1,0,1,0,0,0,1,1,1,1,0,0,1,0,0,0,0,0,1,0,0,1,0,0,1,0,1,0,0,0,1,1,1,1,1,0,0,0,0,1,1,0,0,0,0,1,0,1,0,1,0,1,0,0,1,0,1,1,1,0,1,0,1,1,1,1,0,0,1,1,1,1,0,1,1,0,1,1,1,1,1,1,0,1,0,1
E6.14.1430,E6.14,late_TE,53.21656861,Petropoulos2016,6.0,B,K09,1,1,0,1,1,0,0,1,0,1,0,0,0,0,0,1,1,0,0,0,0,0,0,1,1,1,0,0,1,0,1,1,0,0,1,0,1,1,0,0,1,1,1,1,0,0,1,1,0,1,0,0,1,0,0,1,0,0,1,0,1,0,0,0,1,1,1,1,1,0,0,1,0,1,1,0,0,0,0,1,1,1,0,1,0,0,0,0,1,0,1,1,0,0,1,1,1,1,1,1,0,0,1,1,0,1,0,1,1,0,0,1,1,1,1,1,0,1,0,1
E6.16.1493,E6.16,late_TE,53.26359458,Petropoulos2016,6.0,B,K09,1,1,0,1,0,0,0,0,0,1,0,0,0,1,0,1,1,0,0,0,0,0,0,1,1,1,0,1,1,0,1,1,0,0,1,0,1,0,0,0,1,1,1,1,0,0,0,1,0,1,0,0,1,0,0,1,1,0,1,1,1,0,0,0,1,1,1,1,1,0,0,0,1,1,1,0,1,0,1,1,1,1,0,1,0,0,0,0,1,0,1,0,1,0,1,1,1,1,1,1,0,0,1,1,1,1,0,1,1,1,1,1,1,1,1,1,0,1,0,1
E6.16.1494,E6.16,late_TE,53.12406893,Petropoulos2016,6.0,B,K09,1,1,0,0,0,0,0,0,0,1,0,0,0,0,0,1,1,0,0,0,0,0,0,1,1,1,0,0,1,1,1,1,0,0,1,0,1,1,0,0,1,1,1,1,0,0,1,1,0,1,0,0,1,0,0,1,1,1,0,0,1,0,0,0,1,1,1,1,1,0,0,1,1,1,1,1,0,0,1,1,1,1,0,1,0,0,0,0,1,0,1,1,1,0,1,0,1,1,1,1,0,0,1,1,1,0,0,1,1,0,0,0,1,1,1,1,0,1,0,1
E6.16.1495,E6.16,late_TE,53.89704848,Petropoulos2016,6.0,B,K09,1,1,0,1,0,0,0,0,0,1,0,0,0,0,0,1,1,0,0,0,0,0,0,1,1,1,0,0,1,0,1,1,0,0,0,0,1,0,0,0,1,1,1,1,0,0,1,0,0,1,0,0,1,0,0,1,0,0,1,1,1,0,0,0,1,1,1,1,1,0,0,0,1,1,1,0,1,0,1,0,1,1,0,1,0,0,0,0,1,1,1,0,0,0,1,0,0,1,1,1,0,0,1,1,1,1,0,1,1,0,1,0,1,1,1,1,0,1,0,1
E6.16.1496,E6.16,late_TE,52.04575389,Petropoulos2016,6.0,B,K09,1,1,0,0,0,0,0,0,0,1,1,0,0,0,0,1,1,0,0,0,0,0,0,1,1,1,0,0,1,0,1,1,0,0,1,0,1,0,0,0,1,1,1,1,0,0,0,1,0,1,0,0,1,0,0,1,0,0,0,0,1,0,0,0,1,1,1,1,1,0,0,0,0,1,1,0,0,0,0,1,0,1,0,1,0,0,0,0,1,0,1,1,0,0,0,0,1,1,1,1,0,0,1,1,1,1,0,1,1,0,1,0,1,1,1,1,0,1,0,1
E6.16.1497,E6.16,late_TE,53.53939808,Petropoulos2016,6.0,B,K09,1,1,0,1,0,0,0,0,0,1,1,0,0,0,0,1,1,0,0,0,0,0,0,1,1,1,0,1,1,0,1,1,0,0,1,0,1,0,0,0,1,1,1,1,0,0,0,0,0,1,0,0,1,0,0,1,0,0,1,0,1,0,0,0,1,1,1,1,1,0,0,0,1,1,0,0,1,0,1,1,1,1,0,1,0,0,0,0,1,0,1,1,1,0,1,0,1,1,1,1,0,0,1,1,1,1,0,1,1,0,1,1,1,1,1,1,0,1,0,1
E6.16.1503,E6.16,late_TE,52.36440907,Petropoulos2016,6.0,B,K09,1,1,0,0,1,0,0,0,0,1,0,0,0,0,1,1,1,0,0,0,0,0,0,1,1,1,0,0,1,0,1,1,0,0,1,0,1,1,0,0,1,1,1,1,0,0,0,0,1,1,0,0,1,0,0,1,1,0,1,0,1,0,0,0,1,1,1,1,1,0,0,0,1,1,1,1,1,0,1,1,0,1,0,1,0,0,0,0,1,0,1,1,1,0,1,0,1,1,0,1,0,0,1,1,0,0,0,1,1,0,1,1,1,1,1,1,0,1,0,1
E6.16.1505,E6.16,late_TE,53.29939086,Petropoulos2016,6.0,B,K09,1,1,0,1,1,0,0,0,0,1,0,0,0,0,0,1,1,0,0,0,0,0,0,1,1,1,0,0,1,0,1,1,0,0,1,0,1,0,0,0,1,1,1,1,0,0,1,0,1,1,0,0,1,0,0,1,0,0,1,0,1,0,0,0,1,1,1,1,1,0,0,0,1,0,1,0,0,1,1,1,1,1,0,1,0,0,0,0,1,0,1,0,0,0,0,0,1,1,1,1,0,0,1,1,1,1,0,1,1,0,0,1,1,1,1,1,0,1,0,1
E6.17.1591,E6.17,late_TE,51.38325018,Petropoulos2016,6.0,B,K08,1,1,0,0,0,0,0,0,0,1,0,0,0,0,0,1,1,0,0,0,0,0,0,1,1,1,0,0,1,0,1,1,0,1,1,0,1,0,0,0,1,1,1,1,0,0,0,0,0,1,0,0,1,0,1,1,0,0,1,0,1,0,0,0,1,1,1,1,1,0,1,0,1,1,1,1,0,0,1,1,1,1,0,1,0,0,0,0,1,1,1,1,1,0,1,0,1,1,1,1,0,0,1,1,1,1,0,1,1,0,1,1,1,1,1,1,0,1,0,1
E6.17.1598,E6.17,late_TE,52.94812691,Petropoulos2016,6.0,B,K08,1,1,0,0,0,0,0,0,0,1,0,0,1,1,0,1,1,0,0,0,0,0,0,1,1,1,0,0,1,0,1,1,0,1,1,0,1,1,0,0,1,1,1,1,0,0,1,0,0,1,0,0,1,0,0,1,0,0,1,0,1,1,0,0,1,1,1,1,1,0,0,1,1,1,1,0,1,0,1,1,1,1,0,1,0,0,0,0,1,0,1,1,1,0,1,0,1,1,1,1,0,0,1,1,1,1,0,1,1,0,1,1,1,1,1,1,0,1,0,1
E6.17.1601,E6.17,late_TE,50.62699603,Petropoulos2016,6.0,B,K08,1,1,0,0,0,0,0,0,0,1,0,0,0,0,0,1,1,0,0,0,0,0,0,1,1,1,0,0,1,0,1,1,0,0,1,0,1,1,0,0,1,1,1,1,0,0,1,0,1,1,0,0,1,0,0,1,0,0,1,0,1,0,0,0,1,1,1,1,1,0,0,0,1,1,1,0,0,0,1,1,1,1,0,1,0,0,0,0,1,0,1,1,1,0,1,0,1,1,1,1,0,0,1,1,1,1,0,1,1,0,1,1,1,1,1,1,0,1,0,1
E6.17.1602,E6.17,late_TE,49.99069079,Petropoulos2016,6.0,B,K08,1,1,0,1,1,0,0,0,0,1,0,0,0,1,0,1,1,0,0,0,0,0,0,1,1,1,0,0,1,0,1,1,0,0,1,0,1,1,0,1,1,1,1,1,0,0,1,1,0,1,0,0,1,0,0,1,0,0,1,0,1,0,0,0,1,1,1,1,1,0,0,0,1,1,1,1,0,0,0,1,1,1,0,1,0,0,0,0,1,0,1,1,1,0,1,0,1,1,1,1,0,0,1,1,1,0,0,1,1,0,0,1,1,1,1,1,0,1,0,1
E6.17.1607,E6.17,late_TE,52.78645523,Petropoulos2016,6.0,B,K08,1,1,0,0,0,0,0,0,0,1,0,1,0,0,0,1,1,0,0,0,0,0,0,1,1,1,0,0,1,0,1,1,0,1,1,0,1,0,0,0,1,1,1,1,0,0,1,0,0,1,0,0,1,0,0,1,0,0,1,1,1,0,0,0,1,1,1,1,1,0,0,0,1,1,1,1,0,1,1,1,1,1,0,1,0,0,0,0,1,0,1,1,1,0,1,1,1,1,1,1,0,0,1,1,1,0,0,1,1,0,1,1,1,1,1,1,0,1,0,1
E6.18.1622,E6.18,late_TE,52.81089895,Petropoulos2016,6.0,B,K09,1,1,0,0,0,0,0,0,0,1,0,0,0,0,0,1,1,0,0,0,0,0,0,1,1,1,0,0,1,0,1,1,0,0,0,0,1,0,0,0,1,1,1,1,0,0,0,1,0,1,0,0,1,0,0,1,0,0,1,0,1,0,0,0,1,1,1,1,1,0,0,0,1,1,0,0,0,0,1,1,1,1,0,1,0,0,0,0,1,1,1,1,0,0,1,0,1,1,1,1,0,0,1,1,1,0,0,1,0,0,1,0,0,1,1,1,0,1,0,1
E6.18.1623,E6.18,late_TE,53.03247967,Petropoulos2016,6.0,B,K09,1,1,0,1,0,0,0,0,0,1,0,0,0,0,0,0,1,0,0,0,0,0,0,1,1,1,0,0,1,0,1,1,0,0,1,0,1,0,0,0,1,1,0,1,0,0,0,0,1,1,0,0,1,0,0,1,0,0,1,0,1,0,0,0,1,1,1,1,1,0,0,0,1,1,1,0,1,0,1,1,1,1,0,1,0,0,0,0,1,1,1,1,0,0,1,0,1,1,0,1,0,0,1,1,1,1,0,1,1,0,1,0,1,1,1,1,0,1,0,1
E6.18.1624,E6.18,late_TE,53.20562888,Petropoulos2016,6.0,B,K09,1,1,0,0,0,0,1,1,0,1,0,0,0,0,0,1,1,0,0,0,0,0,0,1,1,1,0,0,1,0,1,1,0,0,1,0,1,1,0,0,1,1,1,1,1,0,1,0,0,1,0,0,1,0,0,1,0,0,1,0,1,0,0,0,1,1,1,1,1,0,0,1,0,1,1,0,0,1,1,1,1,1,0,1,0,0,0,0,1,0,1,0,0,0,1,0,1,1,1,1,1,0,1,1,1,1,0,1,1,0,0,1,1,1,1,1,0,1,0,1
E6.18.1625,E6.18,late_TE,53.15901117,Petropoulos2016,6.0,B,K09,1,1,0,0,0,0,0,0,0,1,0,0,0,0,0,1,1,0,0,0,0,1,0,1,1,1,0,0,1,0,1,1,0,0,1,0,1,0,0,0,1,1,1,1,0,0,0,0,0,1,0,0,1,0,0,1,1,0,1,0,1,0,0,0,1,1,1,1,1,0,0,0,1,1,1,0,1,0,0,1,1,1,0,1,0,0,0,0,1,1,1,1,1,0,1,1,1,1,1,1,0,0,1,1,1,1,0,1,1,0,1,1,1,1,1,1,0,1,0,1
E6.18.1626,E6.18,late_TE,52.83544636,Petropoulos2016,6.0,B,K09,0,1,0,0,1,0,0,0,0,1,0,0,0,0,0,1,1,0,0,0,0,0,0,1,1,1,0,0,1,0,1,1,0,0,1,1,1,0,0,0,0,1,1,1,0,0,0,1,0,1,0,0,1,0,0,1,0,0,1,0,1,0,0,0,1,1,1,1,1,0,0,0,1,0,0,0,0,0,0,1,1,1,0,1,0,0,0,0,1,1,1,1,1,0,0,0,0,1,1,1,0,0,1,1,0,0,0,1,1,0,0,0,1,1,1,1,0,1,0,1
E6.18.1635,E6.18,late_TE,52.90646594,Petropoulos2016,6.0,B,K09,1,1,0,0,0,0,0,0,0,1,0,0,0,0,0,1,1,0,0,0,0,1,0,1,1,1,0,0,1,0,1,1,0,1,1,1,1,1,0,0,1,1,1,1,0,0,0,1,0,1,0,0,1,0,0,1,0,1,1,0,1,0,0,0,1,1,1,1,1,0,0,0,1,0,0,0,0,0,1,1,1,1,0,1,0,0,0,0,1,1,1,1,1,0,1,0,1,1,0,1,0,0,1,1,1,1,0,1,1,0,1,0,1,1,1,1,0,1,0,1
E6.18.1636,E6.18,late_TE,52.9196852,Petropoulos2016,6.0,B,K09,1,1,0,1,0,0,0,0,0,1,0,0,0,1,0,1,1,0,1,0,0,0,0,1,1,1,0,1,1,0,1,1,0,1,1,1,1,0,0,1,1,1,1,1,0,0,0,0,0,1,0,0,1,0,0,1,0,0,1,0,1,0,0,0,1,1,1,1,1,0,0,0,0,1,1,0,1,0,1,1,0,1,0,1,0,0,0,0,1,0,1,1,1,0,1,0,1,1,1,1,0,0,1,1,1,1,0,1,1,0,1,1,1,1,1,1,0,1,0,1
E6.22.1846,E6.22,late_TE,50.56848395,Petropoulos2016,6.0,B,K08,1,1,0,0,0,0,0,1,0,1,0,1,0,0,0,1,1,0,0,0,0,1,0,1,1,1,0,1,1,0,1,1,0,1,1,0,1,0,0,0,1,1,1,1,0,0,1,1,1,1,0,0,1,0,1,1,0,0,1,1,1,0,0,0,1,1,1,1,1,0,1,1,1,1,1,1,0,1,1,1,1,1,0,1,0,0,0,0,1,0,1,1,1,0,1,1,1,1,1,1,0,0,1,1,1,0,0,1,1,1,1,1,1,1,1,1,0,1,0,1
E6.22.1859,E6.22,late_TE,50.63521612,Petropoulos2016,6.0,B,K08,1,1,0,0,0,0,0,0,0,1,0,1,0,0,0,1,1,0,0,0,0,0,0,1,1,1,0,0,1,0,1,1,0,0,1,1,1,1,0,0,1,1,1,1,0,0,1,1,1,1,0,0,1,0,0,1,1,0,1,0,1,0,0,0,1,1,1,1,1,0,0,1,1,1,1,1,1,1,1,1,1,1,0,1,0,0,0,0,1,1,1,1,1,0,1,0,1,1,1,1,1,0,1,1,1,0,0,1,1,0,1,1,1,1,1,1,0,1,0,1
E6.22.1863,E6.22,late_TE,50.06908102,Petropoulos2016,6.0,B,K08,1,1,0,1,0,0,0,0,0,1,0,0,0,0,0,1,1,0,0,0,0,0,0,1,1,1,0,0,1,0,1,1,0,0,1,0,1,1,0,0,1,1,1,1,0,0,0,0,0,1,0,0,1,0,0,1,0,0,1,1,1,0,0,0,1,1,1,1,1,0,0,0,1,1,1,0,1,0,1,1,0,1,0,1,0,0,0,0,1,1,1,0,0,0,1,0,1,1,0,1,0,0,1,1,0,1,0,1,1,0,1,0,1,1,1,1,0,1,0,1
E6.22.1867,E6.22,late_TE,50.6178403,Petropoulos2016,6.0,B,K08,1,1,0,0,0,0,0,0,0,1,0,0,0,0,0,1,1,0,0,0,0,0,0,1,1,1,0,0,1,0,1,1,0,1,1,0,1,0,0,1,1,1,1,1,0,0,1,0,0,1,0,0,1,0,0,1,0,0,1,0,1,0,0,0,1,1,1,1,1,0,0,1,1,1,1,0,1,1,1,1,0,1,0,1,0,0,0,0,1,1,1,1,1,0,1,1,1,1,1,1,0,0,1,1,1,1,0,1,1,0,0,1,1,1,1,1,0,1,0,1
E6.8.771,E6.8,late_TE,49.93680105,Petropoulos2016,6.0,B,K08,1,1,0,0,0,0,0,0,0,1,0,0,0,0,0,1,1,0,0,0,0,0,0,1,1,1,0,0,1,0,1,1,0,0,1,0,1,0,0,0,1,1,1,1,0,0,0,0,0,1,0,0,1,0,0,1,1,0,1,0,1,0,0,0,1,1,1,1,1,0,1,0,1,1,1,0,0,0,0,1,1,1,0,1,0,0,0,0,1,1,1,1,1,0,1,0,1,1,0,1,0,0,1,1,1,1,0,1,1,0,1,0,1,1,1,1,0,1,0,1
E6.8.774,E6.8,late_TE,50.73375806,Petropoulos2016,6.0,B,K08,1,1,0,0,0,0,0,0,0,1,0,0,0,0,0,1,1,0,0,0,0,0,0,1,1,1,0,0,1,0,1,1,0,0,1,0,1,0,0,0,1,1,0,1,0,0,0,0,0,1,0,0,1,0,0,1,0,0,1,0,1,0,0,0,1,1,1,1,1,0,1,0,1,1,1,0,0,0,0,1,1,1,0,1,0,0,0,0,1,0,1,0,0,0,1,0,1,1,1,1,0,0,1,1,1,1,0,1,1,0,0,0,1,1,1,1,0,1,1,1
E6.8.784,E6.8,late_TE,50.97247306,Petropoulos2016,6.0,B,K08,1,1,0,0,0,0,0,0,0,1,0,0,0,0,0,1,1,0,0,0,0,0,0,1,1,1,0,0,1,0,1,1,0,1,1,0,1,0,0,0,1,1,1,1,0,0,0,0,0,1,0,0,1,0,0,1,0,0,1,1,1,0,0,0,1,1,1,1,1,0,0,1,1,1,1,0,1,0,0,1,1,1,0,1,0,0,0,0,1,1,1,1,1,0,1,0,1,1,1,1,0,0,1,1,1,0,0,1,1,0,1,0,1,1,1,1,0,1,0,1
E6.8.793,E6.8,late_TE,50.2619119,Petropoulos2016,6.0,B,K08,1,1,0,0,1,0,0,0,0,1,0,0,0,0,0,1,1,0,0,0,0,1,0,1,1,1,0,0,1,0,1,1,0,0,1,0,1,0,0,0,1,1,1,1,0,0,1,1,0,1,0,0,1,0,1,1,0,0,0,0,1,0,0,0,1,1,1,1,1,0,1,1,1,1,1,0,1,0,0,1,1,1,0,1,0,0,0,0,1,0,1,1,1,0,1,0,1,1,1,1,0,0,1,1,1,1,0,1,1,1,0,0,1,1,1,1,0,1,0,1
E6.8.797,E6.8,late_TE,51.38772757,Petropoulos2016,6.0,B,K08,1,1,0,0,0,0,0,0,0,1,0,0,0,0,0,1,1,0,0,0,0,0,0,1,1,1,0,0,1,0,1,1,0,0,1,0,1,0,0,0,1,1,1,1,0,0,1,1,0,1,0,0,1,0,0,1,0,1,1,0,1,0,0,0,1,1,1,1,1,0,1,1,1,1,1,1,0,0,1,1,1,1,0,1,0,0,0,0,1,0,1,1,1,0,1,0,1,1,1,1,0,0,1,1,0,0,0,1,1,0,0,0,1,1,1,1,0,1,0,1
E6.8.808,E6.8,late_TE,53.37284283,Petropoulos2016,6.0,B,K08,1,1,0,1,0,0,0,0,1,1,0,0,0,1,0,1,1,0,0,0,0,0,0,1,1,1,0,0,1,0,1,1,0,1,1,0,1,0,0,0,1,1,0,1,0,0,0,0,1,1,0,0,1,0,0,1,0,1,1,0,1,0,0,0,1,1,1,1,1,0,0,1,1,1,0,0,0,0,1,1,1,1,0,1,0,1,0,0,1,1,1,1,0,0,1,0,1,1,1,1,0,0,1,1,1,1,0,1,1,0,0,0,1,1,1,1,0,1,0,1
E6.8.812,E6.8,late_TE,51.05821867,Petropoulos2016,6.0,B,K08,1,1,0,1,0,0,0,0,0,1,0,0,0,0,0,1,1,0,0,0,0,0,0,1,1,1,0,1,1,0,1,1,0,0,1,0,1,1,0,0,1,1,1,1,0,0,1,0,1,1,0,0,1,0,0,1,0,0,1,0,1,0,0,0,1,1,1,1,1,0,0,0,1,1,1,0,1,0,0,1,1,1,0,1,0,0,0,0,1,0,1,1,1,0,1,0,1,1,1,1,0,0,1,1,1,1,0,1,1,0,0,0,1,1,1,1,0,1,0,1
E6.8.814,E6.8,late_TE,53.03311203,Petropoulos2016,6.0,B,K08,1,1,0,1,0,0,0,0,0,1,1,0,0,0,0,1,1,0,0,0,0,1,0,1,1,1,0,0,1,0,1,1,0,0,1,0,1,0,0,0,1,1,0,1,0,0,1,0,0,1,0,0,1,0,0,1,0,1,0,1,1,0,0,0,1,1,1,1,1,0,0,0,1,1,1,1,0,0,1,1,1,1,0,1,0,0,0,0,1,1,1,0,0,0,1,0,1,1,1,1,0,0,1,1,1,1,0,1,1,0,0,1,1,1,0,1,0,1,0,1
E6.8.829,E6.8,late_TE,53.00837084,Petropoulos2016,6.0,B,K08,1,1,0,1,0,0,0,0,0,1,0,0,0,0,0,1,1,0,0,0,0,0,0,1,1,1,0,0,1,0,1,1,0,1,1,1,1,1,0,0,1,1,1,1,0,0,1,0,0,1,0,0,1,0,0,1,0,1,1,0,1,0,0,0,1,1,1,1,1,0,0,1,1,1,1,0,1,0,1,1,1,1,0,1,0,0,0,0,1,1,1,1,0,0,1,0,1,1,1,1,0,0,1,1,1,1,0,1,1,0,1,1,1,1,1,1,0,1,0,1
E6.8.831,E6.8,late_TE,51.28140016,Petropoulos2016,6.0,B,K08,1,1,0,0,0,0,0,0,0,1,0,0,0,0,0,1,1,0,0,0,0,0,0,1,1,1,0,1,1,0,1,1,0,1,1,0,1,1,0,0,0,1,1,1,0,0,1,0,0,1,0,0,1,0,0,1,0,1,1,0,1,0,0,0,1,1,1,1,1,0,0,0,1,1,1,0,1,0,1,1,1,1,0,1,0,0,0,0,1,0,1,0,0,0,1,0,1,1,0,1,0,0,1,1,1,1,0,1,1,0,0,1,1,1,1,1,0,1,0,1
E6.8.832,E6.8,late_TE,52.76051421,Petropoulos2016,6.0,B,K08,1,1,0,0,1,0,0,0,0,1,0,0,0,0,0,1,1,0,0,0,0,0,0,1,1,1,0,0,1,0,1,1,0,0,1,0,1,1,0,0,1,1,1,1,0,0,1,0,0,1,0,0,1,0,0,1,0,0,1,0,1,0,0,0,1,1,1,1,1,0,0,0,1,1,1,0,0,0,1,1,1,1,0,1,0,0,0,0,1,1,1,1,0,0,1,0,1,1,1,1,0,0,1,1,0,0,0,1,1,0,1,1,1,1,1,1,0,1,0,1
E6.9.1014,E6.9,late_TE,52.04413788,Petropoulos2016,6.0,B,K08,1,1,0,1,0,0,0,0,0,1,0,0,0,0,0,1,1,0,0,0,0,0,0,1,1,1,0,0,1,0,1,1,0,0,1,0,1,0,0,0,1,1,1,1,0,0,0,0,0,1,0,0,1,0,0,1,0,1,1,0,1,0,0,0,1,1,1,1,1,0,0,1,0,1,1,0,0,0,1,1,1,1,0,1,0,0,0,0,1,0,1,0,1,0,1,0,1,1,1,1,0,0,1,1,1,0,0,1,1,0,1,0,1,1,1,0,0,1,0,1
E7.10.745,E7.10,late_TE,53.54199901,Petropoulos2016,7.0,B,K06,1,1,0,1,0,0,0,0,0,1,0,0,0,0,0,1,1,0,0,0,0,0,0,1,1,1,0,0,1,0,1,1,0,0,1,0,1,0,0,0,1,1,1,1,0,0,1,0,0,0,0,0,1,0,0,1,1,0,0,0,1,0,0,0,1,1,1,1,1,0,0,0,1,1,0,0,0,0,1,1,0,1,0,1,0,1,0,0,1,0,1,0,1,0,1,0,1,1,1,1,0,0,1,1,0,1,0,1,1,0,0,0,1,1,1,1,0,1,0,1
E7.10.746,E7.10,late_TE,53.79356926,Petropoulos2016,7.0,B,K06,1,1,0,1,1,0,0,0,0,1,0,0,0,0,0,1,1,0,0,0,0,0,0,1,1,1,0,0,1,0,1,1,0,1,1,0,1,1,0,0,1,1,1,1,1,0,1,1,0,1,0,0,1,1,0,1,1,0,1,0,1,0,0,0,1,1,1,1,1,0,0,1,0,1,1,0,0,0,1,1,1,1,0,1,0,1,0,0,1,0,1,1,1,0,1,0,1,1,1,1,0,0,1,1,1,1,0,1,1,0,0,1,1,1,1,1,0,1,0,1
E7.10.747,E7.10,late_TE,53.06465433,Petropoulos2016,7.0,B,K06,1,1,0,1,1,0,0,0,0,1,0,0,0,0,0,1,1,0,1,0,0,0,0,1,0,1,0,0,1,0,1,1,0,0,1,0,1,0,0,0,1,1,0,1,0,0,1,1,1,1,0,0,1,0,0,1,0,1,1,0,1,0,0,0,1,1,1,1,1,0,0,0,1,1,0,0,1,0,1,1,1,1,0,1,0,0,0,0,1,0,1,1,1,0,1,0,1,1,1,1,0,0,1,1,1,1,0,1,0,0,0,0,1,1,1,1,0,1,0,1
E7.10.750,E7.10,late_TE,52.97008802,Petropoulos2016,7.0,B,K06,1,1,0,1,0,0,0,0,0,1,0,1,0,0,0,1,1,0,0,0,0,0,0,1,0,1,0,0,1,0,1,1,0,0,1,0,1,0,0,0,1,1,0,1,0,0,1,1,0,1,0,0,1,0,0,1,1,0,1,0,1,0,0,0,0,1,1,1,1,0,0,1,1,1,0,0,0,0,0,1,1,1,0,1,0,1,0,0,1,0,1,1,1,0,1,0,1,1,1,1,0,0,1,1,1,1,0,1,0,0,0,0,0,1,1,1,0,1,0,1
E7.10.753,E7.10,late_TE,53.70675745,Petropoulos2016,7.0,B,K06,1,1,0,1,1,0,0,0,0,1,0,0,0,1,0,1,1,0,0,0,0,0,0,1,1,1,0,1,1,0,1,1,0,0,1,0,1,0,0,0,0,1,1,1,0,0,0,1,0,1,0,0,1,0,0,1,0,1,0,0,1,0,0,0,1,1,1,1,1,0,1,1,1,1,0,0,0,0,0,1,1,1,0,1,0,1,0,0,1,0,1,1,0,0,1,0,1,1,1,1,0,0,1,1,1,1,0,1,1,0,1,0,1,1,1,1,0,1,0,1
E7.10.763,E7.10,late_TE,52.87517061,Petropoulos2016,7.0,B,K06,1,1,0,1,0,0,0,0,0,1,0,0,0,0,0,1,1,0,0,0,0,0,0,1,1,1,0,0,1,0,1,1,0,0,1,0,1,1,0,0,1,1,0,1,0,0,1,1,0,0,0,0,1,1,0,1,1,1,0,0,1,0,0,0,1,1,1,1,1,0,0,1,1,1,0,0,0,0,1,1,1,1,0,1,0,0,0,0,1,1,1,1,1,0,1,0,1,1,1,1,0,0,1,1,0,1,0,1,0,0,0,0,1,1,1,1,0,1,0,1
E7.11.835,E7.11,late_TE,54.11050113,Petropoulos2016,7.0,B,K10,0,1,0,1,0,0,0,1,0,1,1,0,0,0,0,1,1,0,1,0,0,0,0,1,1,1,0,0,1,0,1,1,0,0,1,0,1,0,0,0,1,1,1,1,0,0,1,1,0,1,0,0,1,0,0,1,0,1,1,0,1,0,0,0,1,1,1,1,1,0,0,1,1,1,0,0,0,1,1,1,1,1,0,1,0,1,0,0,1,0,1,1,1,0,1,0,1,1,1,1,0,0,1,1,1,1,0,1,1,0,0,0,1,1,1,1,0,1,0,1
E7.11.836,E7.11,late_TE,54.05942978,Petropoulos2016,7.0,B,K10,0,1,0,1,0,0,0,0,0,1,0,0,0,0,0,1,1,0,1,0,0,0,1,1,0,1,0,0,1,0,1,1,0,0,0,0,1,0,1,0,0,1,1,1,0,0,1,0,0,1,0,0,1,0,0,1,0,1,0,0,1,0,0,0,1,1,1,1,1,0,0,1,1,1,0,0,1,0,1,1,1,1,0,1,0,0,0,0,1,1,1,0,1,0,1,0,1,1,1,1,0,0,1,1,0,1,0,1,1,0,1,0,1,1,1,1,0,1,0,1
E7.11.837,E7.11,late_TE,53.41641637,Petropoulos2016,7.0,B,K10,0,1,0,0,1,0,0,0,0,1,1,0,0,0,0,1,1,0,0,0,0,0,1,1,1,1,0,0,1,0,1,1,0,0,1,0,1,0,0,0,1,1,1,1,0,0,1,1,0,1,0,0,1,0,0,1,0,0,1,0,1,0,0,0,1,1,1,1,1,0,0,1,1,1,0,0,1,0,1,0,1,1,0,1,0,1,0,0,1,1,1,0,0,0,0,0,0,1,1,1,0,0,1,1,0,1,0,1,1,0,0,1,1,1,1,1,0,1,0,1
E7.11.838,E7.11,late_TE,53.49192884,Petropoulos2016,7.0,B,K10,0,1,0,1,0,0,0,0,0,1,0,0,0,0,0,0,1,0,1,0,0,0,0,1,1,1,0,0,1,0,0,1,0,0,0,0,1,0,0,0,1,1,0,0,0,0,1,0,0,1,0,0,1,0,0,1,0,0,1,0,1,0,0,0,0,1,1,1,1,0,0,0,0,1,1,0,0,0,1,1,1,1,0,1,0,0,0,0,1,0,1,0,1,0,1,1,1,1,1,1,0,0,1,1,0,1,0,1,1,0,0,0,0,1,1,0,0,1,0,1
E7.11.848,E7.11,late_TE,54.13904469,Petropoulos2016,7.0,B,K10,0,1,0,1,1,0,0,0,0,1,0,1,0,0,0,1,1,0,1,0,0,0,0,1,1,1,0,1,1,0,1,1,0,0,1,0,1,1,0,0,1,1,0,1,0,0,1,0,1,1,0,0,1,0,0,1,0,1,1,0,1,0,0,0,1,1,1,1,1,0,0,0,1,1,0,0,0,1,1,0,1,1,0,1,1,1,0,0,1,0,1,0,1,0,0,1,1,1,1,1,0,0,1,1,0,1,0,1,1,0,1,1,1,1,1,1,0,1,0,1
E7.11.849,E7.11,late_TE,54.35786138,Petropoulos2016,7.0,B,K10,0,1,0,1,0,0,0,0,0,1,1,1,0,0,0,1,1,0,1,0,0,0,0,1,1,1,0,1,1,0,1,1,0,1,1,0,1,0,0,1,1,1,1,1,1,0,1,0,0,1,1,0,1,0,0,1,0,1,1,0,1,0,0,0,1,1,1,1,1,0,0,1,1,1,0,0,1,1,1,1,1,1,0,1,0,1,0,0,1,1,1,1,1,0,1,1,1,1,1,1,0,0,1,1,1,1,0,1,1,0,0,1,1,1,1,1,0,1,1,1
E7.12.862,E7.12,late_TE,54.33574493,Petropoulos2016,7.0,B,K08,1,1,0,1,1,0,0,0,0,1,1,0,0,0,0,1,1,0,1,0,0,0,0,1,1,1,0,1,1,0,1,1,0,0,1,0,1,0,1,0,1,1,0,1,1,0,0,0,0,1,0,0,1,0,0,1,0,1,1,0,1,0,0,0,1,1,1,1,1,0,0,1,1,1,1,0,1,0,1,1,1,1,0,1,0,0,0,0,1,1,1,0,1,0,0,1,1,1,1,1,0,0,1,1,1,1,0,1,1,0,0,1,1,1,1,1,0,1,0,1
E7.13.881,E7.13,late_TE,55.27732224,Petropoulos2016,7.0,B,K10,1,1,0,1,1,0,0,0,0,1,1,1,0,1,0,1,1,0,1,0,0,0,1,1,1,1,0,0,1,0,1,1,0,1,1,1,1,0,0,1,1,1,1,1,1,0,1,1,0,1,0,0,1,0,0,1,0,1,1,0,1,0,0,0,1,1,1,1,1,0,1,1,1,1,1,0,1,1,1,1,1,1,0,1,0,1,0,0,1,1,1,1,1,0,1,1,1,1,1,1,0,0,1,1,1,1,0,1,1,0,1,0,1,1,1,1,0,1,0,1
